Sample ID,Peptoniphilaceae,Staphylococcaceae,Campylobacteraceae,Prevotellaceae,Streptococcaceae,Lactobacillaceae,Veillonellaceae,Bacillaceae,Enterococcaceae,Enterobacteriaceae,Corynebacteriaceae,Burkholderiaceae,Propionibacteriaceae,Mycoplasmataceae,Moraxellaceae,Pasteurellaceae,Actinomycetaceae,Caulobacteraceae,Aerococcaceae,Rhodobacteraceae,Porphyromonadaceae,Oxalobacteraceae,Listeriaceae,Bradyrhizobiaceae,Comamonadaceae,Micrococcaceae,Neisseriaceae,Fusobacteriaceae,Pseudomonadaceae,Sphingomonadaceae,Peptostreptococcaceae,Clostridiaceae,Planococcaceae,Paenibacillaceae,Thermoactinomycetaceae,Bifidobacteriaceae,Tissierellaceae,Methylobacteriaceae,Weeksellaceae,Carnobacteriaceae,"Eubacteriales Family XIII, Incertae Sedis",Peptococcaceae,Synergistaceae,Steroidobacteraceae,Flavobacteriaceae,Dermabacteraceae,Lachnospiraceae,Selenomonadaceae,Intrasporangiaceae,Rhodocyclaceae,Sutterellaceae,Rhizobiaceae,Azospirillaceae,Eubacteriaceae,Treponemataceae,Oscillospiraceae,Chitinophagaceae,Roseobacteraceae,Phyllobacteriaceae,Microbacteriaceae,Xanthomonadaceae,Psychromonadaceae,Erwiniaceae,Hymenobacteraceae,Nocardiaceae,Leptotrichiaceae,Yersiniaceae,Alcaligenaceae,Chelatococcaceae,Coprobacillaceae,Atopobiaceae,Pseudonocardiaceae,Vibrionaceae,Morganellaceae,Pectobacteriaceae,Sinobacteraceae,Brucellaceae,Microcoleaceae,Mycobacteriaceae,Rubrobacteraceae,Armatimonadaceae,Nocardioidaceae,Bacteroidaceae,Oscillatoriaceae,Dermacoccaceae,Boseaceae,Brevibacteriaceae,Eggerthellaceae,Chromobacteriaceae,Xanthobacteraceae,Gottschalkiaceae,Dietziaceae,Gordoniaceae,Nostocaceae,Ectothiorhodospiraceae,Beijerinckiaceae,Candidatus Competibacteraceae,Micromonosporaceae,Trichocoleusaceae,Erythrobacteraceae,Hyphomicrobiaceae,Sporomusaceae,Gracilibacteraceae,Hydrogenophilaceae,Tsukamurellaceae,Sporolactobacillaceae,Nautiliaceae,Syntrophomonadaceae,Dermocarpellaceae,Cellvibrionaceae,Thermaceae,Thermomonosporaceae,Coriobacteriaceae,Coleofasciculaceae,Chromatiaceae,Alteromonadaceae,Streptomycetaceae,Aeromonadaceae,Thermohalobacteraceae,Nocardiopsaceae,Thermodesulfobiaceae,Rhodospirillaceae,Sneathiellaceae,Oceanospirillaceae,Calotrichaceae,Christensenellaceae,Hafniaceae,Devosiaceae,Bdellovibrionaceae,Streptosporangiaceae,Chroococcidiopsidaceae,Kribbellaceae,Halomonadaceae,Cellulomonadaceae,Demequinaceae,Azotobacter group,Kytococcaceae,Thalassospiraceae,Methylocystaceae,Tannerellaceae,Stappiaceae,Shewanellaceae,Fimbriimonadaceae,Cohaesibacteraceae,Thermosporotrichaceae,Catenulisporaceae,Geodermatophilaceae,Acidiferrobacteraceae,Microbulbiferaceae,Gomontiellaceae,Promicromonosporaceae,Maricaulaceae,Barnesiellaceae,Thiotrichaceae,Bogoriellaceae,Azonexaceae,Idiomarinaceae,Zoogloeaceae,Prochlorotrichaceae,Methylococcaceae,Rickettsiaceae,Methylophilaceae,Nitrosomonadaceae,Orbaceae,Halothiobacillaceae,Budviciaceae,Williamwhitmaniaceae,Geminicoccaceae,Prolixibacteraceae,Erysipelotrichaceae,Hyphomonadaceae,Bartonellaceae,Gloeobacteraceae,Kineosporiaceae,Pseudoalteromonadaceae,Aphanothecaceae,Piscirickettsiaceae,Phreatobacteraceae,Sphingobacteriaceae,Muribaculaceae,Thiobacillaceae,Scytonemataceae,Thermoanaerobacteraceae,Symphyonemataceae,Kaistiaceae,Acetobacteraceae,Dysgonomonadaceae,Amorphaceae,Aurantimonadaceae,Rhodobiaceae,Leptolyngbyaceae,"Thermoanaerobacterales Family III, Incertae Sedis","Eubacteriales Family XII, Incertae Sedis",Dermatophilaceae,Cryptosporangiaceae,Blastochloridaceae,Desulfobacteraceae,Glycomycetaceae,Helicobacteraceae,Endozoicomonadaceae,Myxococcaceae,Alicyclobacillaceae,Thioprofundaceae,Rikenellaceae,Parvularculaceae,Beutenbergiaceae,Sanguibacteraceae,Acaryochloridaceae,Lawsonellaceae,Ferrimonadaceae,Natranaerobiaceae,Saccharospirillaceae,Thalassobaculaceae,Granulosicoccaceae,Geobacteraceae,Wenzhouxiangellaceae,Haloplasmataceae,Ruaniaceae,Sterolibacteriaceae,Ornithinimicrobiaceae,Turicibacteraceae,Legionellaceae,Magnetococcaceae,Rhodothalassiaceae,Spirulinaceae,Synechococcaceae,Tolypothrichaceae,Pleomorphomonadaceae,Tepidamorphaceae,Colwelliaceae,Rhodanobacteraceae,Thioalkalibacteraceae,Parvibaculaceae,Rarobacteraceae,Sphingosinicellaceae,Desulfobulbaceae,Methylothermaceae,Fertil
UAB 17001,0.06450349999999999,0.19546519999999998,0.055707599999999996,14.8592651,4.3530102,0.0117279,2.3143081,0.0263878,4.7566458,72.24980450000001,0.0,0.005864,0.1270524,0.0,0.0,0.0019547,0.0156372,0.0,0.0,0.0,0.1075059,0.0,0.0039093,0.0,0.0,0.0850274,0.0,0.0,0.0068413,0.0,0.0,0.0,0.0087959,0.0009773,0.0,0.0,0.0,0.0,0.0048866000000000005,0.048866299999999994,0.0,0.0,0.0,0.0,0.0,0.0,0.0,0.0,0.0,0.0,0.0,0.0,0.0,0.0,0.0,0.0,0.0,0.0,0.0,0.0,0.0,0.0,0.2267396,0.0,0.0,0.0,0.13389369999999998,0.0,0.0,0.0,0.0,0.0,0.1016419,0.1084832,0.1104378,0.0,0.0,0.0,0.0,0.0,0.0,0.0,0.0,0.0,0.0,0.0,0.0,0.0,0.0,0.0,0.0,0.0,0.0,0.0,0.0,0.0,0.0,0.0,0.0,0.0,0.0,0.0,0.0,0.0,0.0,0.0,0.0,0.0,0.0,0.0,0.0,0.0,0.0,0.0,0.0,0.0,0.0009773,0.002932,0.0,0.0,0.0,0.0,0.0,0.0,0.0,0.0,0.0048866000000000005,0.0,0.0,0.0,0.0,0.0,0.0,0.0,0.0,0.0,0.0,0.0,0.0,0.0,0.0,0.0009773,0.0,0.0,0.0,0.0,0.0,0.0,0.0,0.0,0.0,0.0,0.0,0.0,0.0,0.0,0.0019547,0.0,0.0,0.0,0.0,0.0,0.0,0.0009773,0.0,0.0,0.0,0.0,0.0,0.0,0.0,0.0,0.0,0.0,0.0009773,0.0,0.0,0.0,0.0,0.0,0.0,0.0,0.0,0.0,0.0,0.0,0.0,0.0,0.0,0.0,0.0,0.0,0.0,0.0,0.0,0.0,0.0,0.0,0.0,0.0,0.0,0.0,0.0,0.0,0.0,0.0,0.0,0.0,0.0,0.0009773,0.0,0.0,0.0,0.0,0.0,0.0,0.0,0.0,0.0,0.0,0.0,0.0,0.0,0.0,0.0,0.0,0.0,0.0,0.0,0.0,0.0,0.0,0.0,0.0,0.0,0.0,0.0,0
UAB 17002,19.5615204,4.8864828,0.0042515999999999995,5.0367053,7.8370793999999995,14.194609,0.7709532,2.9477623,0.20407580000000003,0.6703325,0.293359,7.0590402999999995,5.1784246,0.0,2.8839885,0.0014172,0.9495195999999999,8.5981123,0.0014172,0.0042515999999999995,0.0056688,3.2609619999999997,0.0014172,0.1473881,0.0056688,0.0,0.0,0.0,0.1941555,0.0,1.0118761,4.791530900000001,4.6441427,0.6405714,2.7706131,0.0,0.0,0.0,0.8914146,0.012754699999999999,0.0,0.0,0.0,0.0,0.0,0.0,0.0,0.0,0.0014172,0.0,0.1743148,0.0042515999999999995,0.0,0.3217029,0.0,0.0,0.0,0.0,0.0,0.0,0.0,0.0,0.0042515999999999995,0.0,0.0,0.0,0.0014172,0.0014172,0.0,0.0,0.0,0.0099204,0.0028344,0.0028344,0.0014172,0.0,0.0014172,0.0,0.0014172,0.0,0.0,0.0028344,0.0,0.0,0.0,0.0014172,0.0,0.0,0.0014172,0.0,0.0,0.0,0.0,0.0,0.0,0.0,0.0,0.0,0.0,0.0,0.0,0.0,0.0,0.0,0.0,0.0,0.0,0.0,0.0,0.0,0.0,0.0,0.0,0.0,0.0,0.0,0.0,0.0,0.0,0.0,0.0,0.0,0.0,0.0,0.0,0.0,0.0,0.0,0.0,0.0,0.0,0.0,0.0,0.0,0.0,0.0014172,0.0,0.0,0.0,0.0,0.0014172,0.0,0.0,0.0,0.0,0.0,0.0,0.0,0.0,0.0,0.0,0.0,0.0,0.0,0.0,0.0,0.0,0.0,0.0,0.0,0.0,0.0,0.0,0.0,0.0,0.0,0.0,0.0,0.0,0.0,0.0,0.0,0.0,0.0,0.0,0.0,0.0,0.0,0.0,0.0,0.0014172,0.0,0.0,0.0,0.0,0.0,0.0,0.0,0.0,0.0,0.0,0.0,0.0,0.0,0.0,0.0,0.0,0.0,0.0,0.0,0.0,0.0,0.0,0.0,0.0,0.0,0.0,0.0,0.0,0.0,0.0,0.0,0.0,0.0,0.0,0.0,0.0,0.0,0.0,0.0,0.0,0.0,0.0,0.0,0.0,0.0,0.0,0.0,0.0,0.0,0.0,0.0,0.0,0.0,0.0,0.0,0.0,0
UAB 17003,47.8680904,2.5193095,3.5798165,6.814605,13.1570664,0.0108956,9.8835379,0.0447931,0.009685,0.0,9.0760514,0.0036319000000000004,1.1149851,0.0,0.0,0.0036319000000000004,0.8208034,0.43945670000000003,0.0,0.0024212,0.0,0.0,0.0012106,0.0,0.0,0.0024212,0.16464489999999998,1.4926999,0.0,0.0,2.8703904999999996,0.0,0.0012106,0.0,0.0,0.0847437,0.0,0.0,0.0,0.0048425,0.0,0.0,0.0,0.0,0.0,0.0,0.0,0.0,0.0,0.0,0.0,0.0024212,0.0,0.0,0.0,0.0,0.0,0.0,0.0,0.0024212,0.0,0.0,0.0,0.0,0.0012106,0.0,0.0,0.0,0.0,0.0,0.0,0.0048425,0.0,0.0,0.0,0.0,0.0,0.0,0.0012106,0.0,0.0,0.0012106,0.0,0.0,0.0,0.0,0.0,0.0,0.0,0.0,0.0,0.0036319000000000004,0.0024212,0.0,0.0,0.0,0.0,0.0,0.0,0.0,0.0,0.0060531,0.0,0.0,0.0,0.0,0.0,0.0,0.0,0.0,0.0,0.0,0.0,0.0,0.0,0.0,0.0,0.0,0.0,0.0,0.0,0.0,0.0,0.0,0.0,0.0,0.0,0.0,0.0,0.0012106,0.0,0.0,0.0,0.0,0.0,0.0,0.0,0.0,0.0,0.0,0.0,0.0,0.0,0.0,0.0,0.0,0.0012106,0.0,0.0,0.0,0.0,0.0012106,0.0,0.0,0.0,0.0,0.0,0.0,0.0,0.0,0.0,0.0,0.0,0.0,0.0,0.0,0.0,0.0,0.0,0.0,0.0,0.0,0.0,0.0,0.0,0.0,0.0,0.0,0.0,0.0,0.0,0.0,0.0,0.0,0.0,0.0,0.0,0.0,0.0,0.0,0.0,0.0,0.0,0.0,0.0,0.0,0.0,0.0,0.0,0.0,0.0,0.0,0.0,0.0,0.0,0.0,0.0,0.0,0.0,0.0,0.0,0.0,0.0,0.0,0.0,0.0,0.0,0.0,0.0,0.0,0.0,0.0,0.0,0.0,0.0,0.0,0.0,0.0,0.0,0.0,0.0,0.0,0.0,0.0,0.0,0.0,0.0,0
UAB 17004,20.986860399999998,0.0364989,0.0434511,1.7849694,29.5849555,0.0243326,6.7974833,0.0295467,0.12861509999999998,0.001738,1.8145161,1.3539348999999998,1.5955228,0.001738,13.8939099,1.4773359,0.5978865,0.0,0.0260706,0.8116656999999999,0.7021691,0.5579116000000001,0.0052141,0.6239572,0.001738,1.1384177,11.1617075,0.0,0.0034761,0.0,1.1123471,0.0208565,0.001738,0.001738,0.0034761,0.0,0.001738,0.0034761,0.0,0.8933537,0.21899329999999997,0.0,0.29372909999999997,0.0243326,0.0,0.0938543,0.5978865,0.6448136999999999,0.0,0.0,0.0,0.0,0.0,0.0,0.3354422,0.0052141,0.0,0.001738,0.0052141,0.1703281,0.001738,0.0,0.0,0.0,0.0034761,0.10602059999999999,0.0,0.0,0.0,0.0,0.0,0.0052141,0.0,0.0,0.001738,0.0052141,0.0,0.0677836,0.0,0.0,0.0,0.0034761,0.0121663,0.038236900000000004,0.0034761,0.0,0.0191185,0.0,0.001738,0.0034761,0.0,0.0,0.0,0.0243326,0.0,0.0,0.0,0.0,0.0278087,0.0,0.0,0.001738,0.0034761,0.0,0.0,0.0,0.0,0.0,0.0104283,0.0,0.0,0.0,0.0,0.0086902,0.0,0.0,0.0,0.0,0.0,0.0069522,0.0,0.0,0.0,0.0,0.0069522,0.0052141,0.0,0.0,0.0,0.0,0.001738,0.001738,0.0,0.0,0.001738,0.0,0.0,0.0,0.0,0.0,0.0,0.0,0.0,0.0,0.0,0.0,0.0,0.0,0.0,0.0034761,0.0,0.0,0.0,0.0,0.0,0.0,0.0,0.0,0.0,0.0,0.0,0.0,0.0,0.0,0.0,0.0,0.0,0.0,0.0,0.0,0.0,0.0,0.0,0.001738,0.0,0.001738,0.0,0.0,0.0,0.0,0.0,0.001738,0.0,0.0,0.0,0.0,0.0,0.0,0.0,0.0,0.001738,0.0,0.0,0.0,0.0,0.0,0.0,0.0,0.0,0.0,0.0,0.0,0.0,0.0,0.0,0.0,0.0,0.0,0.0,0.0,0.0,0.0,0.0,0.0,0.0,0.0,0.0,0.0,0.0,0.0,0.0,0.0,0.0,0.0,0.0,0.0,0.0,0.0,0.0,0.0,0.0,0.0,0.0,0.0,0.0,0.0,0.0,0
UAB 17005,69.7506759,0.4187797,3.8008234,0.47532379999999996,0.012369,0.014136,2.6293004,0.031806100000000004,2.9950701,18.1506547,0.0459421,0.003534,0.0494761,0.0,0.003534,0.0,0.8428604,0.0,0.1749333,0.005301,0.033573099999999995,0.001767,0.001767,0.021204,0.001767,0.0,0.0,0.0,0.003534,0.0,0.005301,0.005301,0.010602,0.001767,0.001767,0.0,0.1713993,0.0,0.0,0.0441751,0.033573099999999995,0.0424081,0.0,0.0,0.0,0.0,0.001767,0.0,0.0,0.0,0.0,0.0,0.0,0.0,0.0,0.015903,0.0,0.0,0.0,0.0,0.0,0.0,0.0459421,0.0,0.0,0.0,0.047709100000000004,0.0,0.0,0.0,0.001767,0.0,0.021204,0.031806100000000004,0.0353401,0.0,0.0,0.0,0.0,0.0,0.0,0.0,0.0,0.0,0.0,0.0,0.0,0.005301,0.0,0.0,0.0,0.0,0.0,0.0,0.0,0.0,0.0,0.0,0.0,0.0,0.0,0.0,0.0,0.0,0.0,0.0,0.0,0.0,0.0,0.0,0.0,0.0,0.0,0.0,0.0,0.0,0.0,0.0,0.0,0.0,0.0,0.0,0.0,0.0,0.0,0.0,0.001767,0.0,0.0,0.0,0.0,0.0,0.0,0.0,0.0,0.0,0.0,0.0,0.0,0.0,0.0,0.001767,0.0,0.0,0.0,0.0,0.0,0.0,0.0,0.0,0.0,0.0,0.0,0.0,0.0,0.0,0.001767,0.0,0.0,0.0,0.0,0.0,0.0,0.0,0.0,0.001767,0.0,0.001767,0.0,0.0,0.0,0.0,0.0,0.0,0.0,0.0,0.0,0.0,0.0,0.0,0.0,0.0,0.0,0.0,0.0,0.0,0.0,0.0,0.0,0.0,0.0,0.0,0.0,0.0,0.0,0.0,0.0,0.0,0.0,0.0,0.0,0.0,0.0,0.0,0.0,0.0,0.0,0.0,0.0,0.0,0.0,0.0,0.0,0.0,0.0,0.0,0.0,0.0,0.0,0.0,0.0,0.0,0.0,0.0,0.0,0.0,0.0,0.0,0.0,0.0,0.0,0.0,0.0,0.0,0.0,0.0,0.0,0
UAB 17006,69.8334201,8.0403199,0.0082817,0.0414084,1.7912072,1.1452369,0.1407884,0.1952108,0.0354929,0.0,8.8329942,1.4611235,1.603095,0.0,0.2922247,0.0,1.1748143,0.0,0.0047324,0.0,0.0,2.1449529,0.9015191,0.0,0.0189295,0.0094648,0.0,0.0,0.0,0.0,0.0165633,0.0035493,0.0047324,0.0070986,0.0,0.0011831,1.0127301,0.0,0.0,0.0082817,0.0047324,0.0,0.0295774,0.2401685,0.0,0.6790971,0.0,0.0,0.0011831,0.0,0.0,0.0,0.0,0.0011831,0.0,0.0,0.0,0.0,0.0,0.0,0.0070986,0.1301406,0.0,0.0,0.0331267,0.0,0.0,0.0023662,0.0,0.0,0.0,0.011831,0.0,0.0,0.0,0.0201126,0.0,0.0,0.0141972,0.0414084,0.0,0.0023662,0.0,0.0,0.0023662,0.0,0.0011831,0.0,0.0,0.0,0.0106479,0.0047324,0.0082817,0.0,0.0047324,0.0,0.0035493,0.0,0.0,0.0011831,0.0,0.0,0.0,0.0,0.0,0.0,0.0,0.0,0.0,0.0011831,0.0,0.0,0.0,0.0,0.0023662,0.0,0.0011831,0.0,0.0011831,0.0,0.0,0.0,0.0,0.0,0.0,0.0,0.0,0.0,0.0,0.0,0.0,0.0,0.0,0.0,0.0,0.0,0.0,0.0,0.0,0.0,0.0,0.0,0.0,0.0,0.0,0.0,0.0,0.0011831,0.0,0.0,0.0,0.0,0.0,0.0,0.0,0.0,0.0,0.0,0.0,0.0,0.0,0.0011831,0.0,0.0,0.0023662,0.0,0.0,0.0,0.0,0.0,0.0,0.0,0.0,0.0,0.0,0.0,0.0,0.0,0.0,0.0,0.0,0.0,0.0011831,0.0,0.0,0.0011831,0.0,0.0,0.0,0.0,0.0,0.0,0.0,0.0011831,0.0,0.0,0.0,0.0,0.0,0.0,0.0,0.0,0.0011831,0.0,0.0,0.0,0.0,0.0,0.0,0.0,0.0,0.0,0.0,0.0,0.0,0.0,0.0,0.0,0.0,0.0,0.0,0.0,0.0,0.0,0.0,0.0,0.0,0.0,0.0,0.0,0.0,0.0,0.0,0.0,0.0,0.0,0.0,0
UAB 17007,47.4820871,0.0115567,27.6710389,0.24413500000000002,0.0028892,0.0072229,0.4174853,0.021668800000000002,0.0130013,0.0014446,0.3264764,0.0,1.7262799,0.0115567,0.0028892,0.0,0.9982087000000001,0.0057783,5.3175199,0.0,15.036692500000001,0.0,0.0014446,0.0028892,0.0,0.0,0.0,0.0144459,0.0,0.0,0.07222930000000001,0.010112099999999999,0.0028892,0.0130013,0.0,0.0,0.44637699999999997,0.0,0.0,0.040448399999999995,0.0028892,0.0086675,0.0231134,0.0,0.0,0.0,0.0,0.0,0.0,0.0,0.0,0.0,0.0,0.0014446,0.0,0.0057783,0.0,0.0,0.0,0.0,0.0,0.0,0.0,0.0,0.0028892,0.0014446,0.0,0.0,0.0,0.0,0.0,0.0028892,0.0,0.0,0.0,0.0,0.0,0.0,0.0057783,0.0,0.0,0.0043338,0.0057783,0.0,0.0,0.0,0.0,0.0014446,0.0,0.0,0.0115567,0.0014446,0.0,0.0,0.0,0.0,0.0,0.0043338,0.0,0.0,0.0014446,0.0014446,0.0,0.0,0.0,0.0,0.0,0.0,0.0,0.0,0.0,0.0,0.0,0.0,0.0,0.0,0.0014446,0.0,0.0014446,0.0,0.0,0.0,0.0,0.0,0.0,0.0,0.0,0.0,0.0,0.0,0.0,0.0014446,0.0,0.0,0.0014446,0.0,0.0,0.0,0.0,0.0014446,0.0,0.0,0.0,0.0,0.0,0.0,0.0,0.0,0.0,0.0,0.0,0.0,0.0,0.0,0.0,0.0,0.0,0.0,0.0,0.0,0.0,0.0,0.0,0.0,0.0,0.0,0.0,0.0,0.0014446,0.0,0.0,0.0,0.0,0.0,0.0,0.0,0.0,0.0,0.0,0.0014446,0.0,0.0,0.0,0.0,0.0,0.0,0.0014446,0.0,0.0,0.0,0.0,0.0,0.0,0.0,0.0,0.0,0.0,0.0,0.0,0.0,0.0,0.0,0.0,0.0,0.0,0.0,0.0,0.0,0.0,0.0,0.0,0.0,0.0,0.0,0.0,0.0,0.0,0.0,0.0,0.0,0.0,0.0,0.0,0.0,0.0,0.0,0.0,0.0,0.0,0.0,0.0,0.0,0.0,0.0,0.0,0.0,0.0,0
UAB 17008,25.337996200000003,3.1083932,1.6020631,2.5379025,0.0136761,0.0058612000000000004,1.7407784,6.9709284,0.0312598,0.0078149,6.6485620999999995,16.1808378,0.7521882,0.0,0.34776490000000004,1.6489528,10.0539231,4.9449047,0.0820569,0.029306,0.0390747,0.5841668999999999,2.836824,1.6469991,7.662550799999999,0.0039075,0.0039075,0.7854017,0.0019537,0.0,0.0,0.011722400000000001,0.017583599999999998,3.2236636,0.0,0.0,0.20514219999999997,0.0019537,0.2832917,0.0058612000000000004,0.0586121,0.066427,0.0097687,0.2344483,0.0019537,0.0,0.0019537,0.0019537,0.0,0.0,0.0,0.023444800000000002,0.0019537,0.0019537,0.0,0.0332135,0.0,0.0,0.0078149,0.0019537,0.0078149,0.0019537,0.0,0.0,0.011722400000000001,0.0,0.0019537,0.0039075,0.0019537,0.0,0.0136761,0.0019537,0.0,0.0,0.0,0.029306,0.0,0.0,0.0058612000000000004,0.0,0.0,0.0,0.0,0.0,0.0019537,0.0019537,0.0,0.0312598,0.0019537,0.0,0.0019537,0.0,0.0,0.0,0.0019537,0.0,0.0078149,0.0019537,0.0,0.0,0.0019537,0.0,0.0019537,0.0,0.0039075,0.0,0.0136761,0.0058612000000000004,0.0,0.0,0.0,0.0,0.0,0.0,0.0039075,0.0058612000000000004,0.0,0.0,0.0,0.0,0.0,0.0019537,0.0019537,0.0,0.0,0.0,0.0,0.0,0.0058612000000000004,0.0,0.0,0.0,0.0,0.0,0.0,0.0,0.0,0.0,0.0,0.0,0.0019537,0.0,0.0039075,0.0,0.0,0.0,0.0019537,0.0019537,0.0,0.0,0.0,0.0,0.0,0.0,0.0,0.0,0.0,0.0,0.0019537,0.0,0.0,0.0,0.0,0.0,0.0,0.0,0.0,0.0,0.0,0.0,0.0,0.0,0.0,0.0,0.0019537,0.0,0.0019537,0.0,0.0,0.0,0.0,0.0,0.0,0.0,0.0,0.0,0.0,0.0019537,0.0,0.0,0.0,0.0,0.0,0.0,0.0,0.0,0.0,0.0,0.0,0.0,0.0,0.0,0.0,0.0,0.0,0.0,0.0,0.0,0.0,0.0,0.0,0.0,0.0,0.0,0.0,0.0,0.0,0.0,0.0,0.0,0.0,0.0,0.0,0.0,0.0,0.0,0.0,0.0,0.0,0.0,0.0,0.0,0.0,0.0,0.0,0.0,0.0,0
UAB 17009,54.2881817,6.254011600000001,0.3069239,1.1915182,5.4219327999999996,0.005835099999999999,5.7078505,0.1272042,0.011670100000000001,0.0,0.2765816,0.743386,12.7495945,0.0,1.3934111,0.0,0.051348500000000005,0.8729242,0.06185160000000001,0.0,0.0245072,6.5410963,0.0,3.2757997,0.004668,0.001167,0.0,0.0186722,0.002334,0.001167,0.0081691,0.001167,0.005835099999999999,0.0093361,0.0,0.042012400000000005,0.011670100000000001,0.0443464,0.0,0.004668,0.0,0.0198392,0.0,0.004668,0.0,0.0,0.0700207,0.0,0.0,0.001167,0.001167,0.002334,0.0,0.0,0.0,0.001167,0.0,0.0,0.002334,0.0,0.0,0.0,0.0,0.0,0.002334,0.0875258,0.0,0.0,0.12020209999999999,0.107365,0.0035009999999999998,0.0198392,0.0,0.0,0.0,0.0,0.0396784,0.0,0.002334,0.0,0.0,0.010503100000000001,0.0,0.0,0.0,0.0140041,0.0,0.002334,0.0,0.011670100000000001,0.0,0.0,0.0,0.0,0.0,0.0035009999999999998,0.0,0.001167,0.0,0.0,0.0,0.0,0.0,0.0,0.0,0.0,0.0,0.0,0.0,0.0,0.0,0.001167,0.0,0.0,0.0,0.0,0.0,0.0,0.0,0.0,0.0,0.0,0.0,0.0,0.0,0.0,0.0,0.0,0.0,0.001167,0.0,0.0,0.0,0.0,0.0,0.0,0.0,0.0,0.002334,0.0,0.0,0.0,0.0,0.0,0.0,0.002334,0.0,0.0,0.0,0.0,0.0,0.0,0.0,0.0,0.0,0.0,0.0,0.0,0.0,0.0,0.0,0.0,0.0,0.0,0.0,0.0,0.0,0.0,0.0,0.001167,0.0,0.001167,0.0,0.0,0.0,0.0,0.0,0.0,0.0,0.0,0.0,0.0,0.0,0.0,0.001167,0.0,0.0,0.0,0.0,0.0,0.0,0.0,0.0,0.0,0.0,0.0,0.0,0.0,0.0,0.0,0.0,0.0,0.0,0.0,0.0,0.0,0.0,0.0,0.0,0.0,0.0,0.0,0.0,0.0,0.0,0.0,0.0,0.0,0.0,0.0,0.0,0.0,0.0,0.0,0.0,0.0,0.0,0.0,0.0,0.0,0.0,0.0,0.0,0.0,0.0,0.0,0.0,0
UAB 17010,14.7615084,0.0326629,0.0400384,2.053546,32.4115732,0.0416188,7.611501499999999,0.0326629,0.1443488,0.0005268,2.0856821,0.9187748000000001,0.5758147,0.0,15.300445700000001,1.7153273,0.6738033,0.0015804999999999999,0.017911899999999998,0.9572327,0.7944452,0.4820407,0.0015804999999999999,0.3287359,0.0010536,1.211687,12.0763047,0.0005268,0.0005268,0.0010536,1.3149438,0.0300288,0.0073755,0.006321800000000001,0.0005268,0.0,0.0026341,0.007902300000000001,0.0005268,1.0889378,0.2649907,0.0005268,0.3772034,0.0210728,0.0,0.1253833,0.6996175,0.7659969,0.0047414,0.0005268,0.0,0.0010536,0.0,0.0005268,0.4061785,0.0100096,0.0,0.0010536,0.0010536,0.16489479999999998,0.0026341,0.0,0.0005268,0.0,0.0005268,0.1185346,0.0010536,0.0010536,0.0,0.0,0.0,0.0042146,0.0010536,0.0010536,0.0,0.0010536,0.0005268,0.061111200000000004,0.0010536,0.0,0.0,0.0,0.0300288,0.0474138,0.0047414,0.0,0.0268678,0.0,0.006848699999999999,0.0010536,0.0,0.0,0.0005268,0.024760599999999997,0.0010536,0.0005268,0.0015804999999999999,0.0005268,0.007902300000000001,0.0,0.0,0.0036877,0.0052682,0.0,0.0005268,0.0,0.0005268,0.0,0.0094828,0.0,0.0,0.0015804999999999999,0.0,0.0073755,0.0010536,0.0010536,0.0,0.0,0.0,0.006848699999999999,0.0,0.0,0.0,0.0,0.0047414,0.0042146,0.0,0.0,0.0,0.0010536,0.007902300000000001,0.0,0.0,0.0005268,0.0005268,0.0,0.0005268,0.0,0.0,0.0,0.0,0.0005268,0.0,0.0,0.0,0.0,0.0,0.0,0.0,0.0021073,0.0,0.0,0.0,0.0,0.0,0.0,0.0,0.0005268,0.0021073,0.0,0.0,0.0,0.0,0.0,0.0,0.0,0.0,0.0,0.0,0.0005268,0.0,0.0,0.0015804999999999999,0.0,0.0,0.0010536,0.0,0.0,0.0,0.0,0.0005268,0.0005268,0.0005268,0.0021073,0.0,0.0,0.0,0.0,0.0,0.0,0.0,0.0,0.0,0.0,0.0,0.0,0.0,0.0,0.0,0.0,0.0,0.0,0.0,0.0,0.0,0.0,0.0,0.0010536,0.0,0.0,0.0,0.0,0.0,0.0,0.0,0.0,0.0,0.0,0.0,0.0,0.0,0.0005268,0.0005268,0.0005268,0.0005268,0.0005268,0.0005268,0.0,0.0,0.0,0.0,0.0,0.0,0.0,0.0,0.0,0.0,0
UAB 17012,91.3966214,5.0594071,0.0306837,0.1534187,0.0579582,0.0008523,0.5156572,0.09886980000000001,0.0588105,0.0017047000000000002,1.2674088000000001,0.0,0.41593510000000006,0.0,0.0,0.0,0.6989073,0.0,0.0,0.0,0.0,0.0008523,0.0,0.0,0.0,0.0,0.0,0.0,0.0,0.0051140000000000005,0.0519919,0.0008523,0.0042616,0.0076709,0.0,0.0,0.0102279,0.0,0.0,0.0042616,0.0127849,0.0,0.09801750000000001,0.0042616,0.0,0.0213081,0.0,0.0,0.0042616,0.0,0.0,0.0,0.0017047000000000002,0.0025570000000000002,0.0,0.0,0.0,0.0,0.0,0.0,0.0,0.0,0.0,0.0,0.0017047000000000002,0.0,0.0,0.0,0.0,0.0,0.0,0.0034093,0.0,0.0,0.0,0.0,0.0,0.0,0.0,0.0,0.0,0.0,0.0,0.0,0.0008523,0.0,0.0,0.0,0.0,0.0,0.0025570000000000002,0.0017047000000000002,0.0017047000000000002,0.0,0.0008523,0.0,0.0,0.0,0.0,0.0,0.0,0.0,0.0,0.0,0.0,0.0,0.0,0.0,0.0,0.0,0.0,0.0,0.0,0.0,0.0,0.0,0.0,0.0,0.0,0.0,0.0,0.0,0.0,0.0,0.0,0.0,0.0,0.0,0.0,0.0,0.0,0.0,0.0,0.0,0.0,0.0,0.0,0.0,0.0,0.0,0.0,0.0,0.0,0.0,0.0,0.0,0.0,0.0,0.0,0.0,0.0008523,0.0,0.0,0.0,0.0,0.0,0.0,0.0,0.0,0.0,0.0,0.0,0.0,0.0,0.0,0.0,0.0,0.0,0.0,0.0,0.0,0.0,0.0,0.0,0.0,0.0,0.0,0.0,0.0,0.0,0.0,0.0,0.0,0.0,0.0,0.0,0.0,0.0,0.0,0.0,0.0,0.0,0.0,0.0,0.0,0.0,0.0,0.0,0.0,0.0,0.0,0.0,0.0,0.0,0.0,0.0,0.0,0.0,0.0,0.0,0.0,0.0,0.0,0.0,0.0,0.0,0.0,0.0,0.0,0.0,0.0,0.0,0.0,0.0,0.0,0.0,0.0,0.0,0.0,0.0,0.0,0.0,0.0,0.0,0.0,0.0,0.0,0
UAB 17013,97.9663146,0.016907099999999998,0.0571622,0.0048306,0.0008051,0.0008051,0.2189875,0.0008051,0.0,0.0040254999999999996,0.9596804999999999,0.0,0.3365323,0.0,0.0,0.0,0.3598802,0.008856099999999999,0.0,0.0,0.0,0.0,0.0,0.0,0.0,0.0016102,0.0,0.0507214,0.0,0.0,0.0,0.0,0.0,0.0,0.0,0.0,0.0008051,0.0,0.0,0.0,0.0,0.0,0.0,0.0,0.0,0.0,0.0,0.0,0.0,0.0,0.0,0.0,0.0,0.0,0.0,0.0,0.0,0.0,0.0,0.0,0.0,0.0,0.0,0.0,0.0040254999999999996,0.0,0.0,0.0,0.0,0.0,0.0,0.0024153,0.0,0.0,0.0,0.0,0.0,0.0,0.0008051,0.0,0.0,0.0008051,0.0,0.0,0.0008051,0.0,0.0,0.0,0.0,0.0,0.0,0.0008051,0.0,0.0,0.0,0.0,0.0,0.0,0.0,0.0,0.0,0.0,0.0,0.0,0.0008051,0.0,0.0,0.0,0.0,0.0,0.0,0.0,0.0,0.0,0.0,0.0,0.0,0.0,0.0,0.0,0.0,0.0,0.0,0.0,0.0,0.0,0.0,0.0,0.0,0.0,0.0,0.0,0.0,0.0,0.0,0.0,0.0,0.0,0.0,0.0,0.0,0.0,0.0,0.0,0.0,0.0,0.0,0.0,0.0,0.0,0.0,0.0,0.0,0.0,0.0,0.0,0.0,0.0,0.0,0.0,0.0,0.0,0.0,0.0,0.0,0.0,0.0,0.0,0.0,0.0008051,0.0,0.0,0.0,0.0,0.0,0.0,0.0,0.0,0.0,0.0,0.0,0.0,0.0,0.0,0.0,0.0,0.0,0.0,0.0,0.0,0.0,0.0,0.0,0.0,0.0,0.0,0.0,0.0,0.0,0.0,0.0,0.0,0.0,0.0,0.0,0.0,0.0,0.0,0.0,0.0,0.0,0.0,0.0,0.0,0.0,0.0,0.0,0.0,0.0,0.0,0.0,0.0,0.0,0.0,0.0,0.0,0.0,0.0,0.0,0.0,0.0,0.0,0.0,0.0,0.0,0.0,0.0,0
UAB 17014,89.9771354,0.0229283,4.7155932,0.6407193999999999,0.0057321,0.0019106999999999998,2.6877098,0.0057321,0.015285599999999998,0.0,0.062416,0.0070059,0.0745171,0.0,0.0089166,0.0012738,1.1999159000000001,0.0012738,0.18915869999999999,0.0012738,0.0484043,0.0031845,0.0,0.0070059,0.0,0.0006369,0.0006369,0.0006369,0.0,0.0,0.0089166,0.0031845,0.0012738,0.0019106999999999998,0.0006369,0.0012738,0.180879,0.0,0.0,0.0038213999999999995,0.0235652,0.0547732,0.0,0.0,0.0,0.0,0.0012738,0.0006369,0.0006369,0.0,0.0,0.0,0.0,0.0031845,0.0,0.0101904,0.0,0.0,0.0006369,0.0,0.0006369,0.0,0.0,0.0,0.0,0.0,0.0,0.0,0.0,0.0,0.0044583,0.0012738,0.0,0.0,0.0,0.0,0.0006369,0.0006369,0.0,0.0025476,0.0,0.0,0.0,0.0,0.0019106999999999998,0.0,0.0006369,0.0070059,0.0,0.0,0.0019106999999999998,0.0,0.0,0.0,0.0,0.0,0.0,0.0,0.0,0.0,0.0,0.0006369,0.0,0.0,0.0,0.0,0.0,0.0,0.0,0.0,0.0,0.0,0.0,0.0,0.0,0.0,0.0,0.0,0.0,0.0,0.0,0.0,0.0,0.0,0.0,0.0,0.0,0.0,0.0,0.0,0.0,0.0,0.0,0.0,0.0,0.0,0.0,0.0,0.0,0.0,0.0,0.0,0.0,0.0,0.0,0.0,0.0,0.0,0.0,0.0,0.0,0.0,0.0,0.0,0.0,0.0,0.0,0.0,0.0,0.0,0.0,0.0,0.0,0.0,0.0,0.0,0.0,0.0019106999999999998,0.0,0.0,0.0,0.0,0.0,0.0,0.0,0.0,0.0,0.0,0.0,0.0,0.0,0.0,0.0,0.0,0.0,0.0,0.0,0.0,0.0,0.0,0.0,0.0,0.0,0.0,0.0,0.0,0.0,0.0,0.0,0.0,0.0,0.0,0.0,0.0,0.0,0.0,0.0,0.0,0.0,0.0,0.0,0.0,0.0,0.0,0.0,0.0,0.0,0.0,0.0,0.0,0.0,0.0,0.0,0.0,0.0,0.0,0.0,0.0,0.0,0.0,0.0,0.0,0.0,0.0,0.0,0.0,0.0,0
UAB 17015,64.26110659999999,8.7735903,0.0028393,0.00047319999999999996,2.3017661,1.5625887,0.0018929,0.254595,0.023188,0.0,10.563327000000001,1.8209695000000001,1.9681425,0.0,0.39892859999999997,0.00047319999999999996,1.2157149,0.00047319999999999996,0.0018929,0.0018929,0.0023661,2.7305079,1.1196502000000002,0.0,0.0222416,0.0113574,0.0009463999999999999,0.0,0.0018929,0.0,0.0023661,0.0056787,0.0052055,0.0023661,0.00047319999999999996,0.0,1.2743947,0.0,0.0,0.0094645,0.0009463999999999999,0.0,0.0,0.3563384,0.0,0.9119044,0.0,0.0,0.0033126,0.0018929,0.0,0.0,0.0,0.0028393,0.0,0.0,0.0,0.0,0.0,0.0037858,0.0151432,0.1424407,0.0,0.0,0.0364383,0.0,0.0,0.0,0.0,0.0,0.0,0.0108842,0.0009463999999999999,0.0,0.0,0.0222416,0.0,0.0,0.0179825,0.0676712,0.0,0.0009463999999999999,0.0,0.0,0.0023661,0.0,0.00047319999999999996,0.0,0.0,0.0,0.0127771,0.0070983999999999995,0.008518,0.0,0.0056787,0.0,0.0047322,0.0023661,0.0,0.0,0.0,0.0,0.0,0.0,0.0009463999999999999,0.00047319999999999996,0.0,0.0,0.0,0.0,0.0,0.0018929,0.0,0.0,0.0028393,0.0,0.00047319999999999996,0.0,0.0014196999999999999,0.0,0.0,0.0,0.0,0.0,0.0,0.0,0.0,0.0,0.0,0.0,0.0,0.0,0.0,0.0,0.0,0.0,0.0,0.0,0.0,0.0,0.0,0.0,0.0,0.0,0.0,0.0,0.0014196999999999999,0.0009463999999999999,0.0,0.0,0.0,0.0,0.0,0.0014196999999999999,0.0,0.0,0.0,0.0,0.0,0.0009463999999999999,0.0,0.0,0.00047319999999999996,0.0,0.0,0.0,0.0,0.0,0.0,0.0,0.0,0.0,0.0,0.0009463999999999999,0.0,0.0,0.0,0.0,0.0,0.0,0.0,0.0,0.0,0.0,0.0,0.0,0.0,0.0,0.0,0.0,0.0,0.0,0.00047319999999999996,0.00047319999999999996,0.0,0.0,0.0,0.0,0.0,0.0,0.0,0.0,0.0,0.0,0.0,0.0,0.0,0.0,0.0,0.0,0.0009463999999999999,0.0,0.0,0.0,0.0,0.0,0.0,0.0,0.0,0.0,0.0,0.0,0.0,0.0,0.0,0.0,0.0,0.0,0.0,0.00047319999999999996,0.00047319999999999996,0.00047319999999999996,0.0,0.0,0.0,0.0,0.0,0
UAB 17016,76.60086659999999,0.9048683999999999,2.6664589999999997,1.5137783999999999,0.0,0.7887507,2.3705003999999996,0.021241,0.0014161,0.0070803,0.2987907,0.9034524,1.2857912,0.0,3.5557507000000004,0.025489300000000003,2.5404288,0.0014161,0.3002067,3.4877792999999997,0.0,0.18550509999999998,0.0,0.3327763,0.041066,0.0693874,0.0,0.0,0.1104534,0.6188224,0.0,0.0,0.0,0.0,0.0,0.0,0.048146400000000006,0.0,0.0396499,0.0028320999999999997,0.0,0.2520604,0.0,0.0155768,0.04956239999999999,0.0028320999999999997,0.0,0.0,0.0,0.0,0.0,0.0084964,0.0,0.0,0.0,0.0,0.3441049,0.37101019999999996,0.0155768,0.0,0.0,0.1529355,0.0,0.0,0.0,0.0,0.0,0.0,0.0,0.0,0.0141607,0.0070803,0.0014161,0.0,0.0,0.0,0.0,0.0,0.0,0.0,0.0,0.0014161,0.0,0.0,0.0,0.0028320999999999997,0.0,0.0,0.0,0.0,0.0014161,0.0,0.0,0.0,0.0,0.0,0.0,0.0,0.0,0.0056643,0.0028320999999999997,0.0,0.0,0.0,0.0,0.0,0.0,0.0,0.0,0.0,0.0,0.0,0.0084964,0.0,0.0,0.0,0.0,0.0,0.0,0.0,0.0,0.0,0.0,0.0014161,0.0,0.0,0.0,0.0,0.0,0.0014161,0.0,0.0,0.0014161,0.0,0.0,0.0,0.0,0.0042482,0.0,0.0,0.0014161,0.0,0.0,0.0042482,0.0,0.0,0.0,0.0,0.0014161,0.0,0.0,0.0,0.0,0.0,0.0,0.0,0.0,0.0,0.0,0.0,0.0,0.0,0.0,0.0,0.0,0.0,0.0,0.0,0.0,0.0,0.0,0.0,0.0,0.0,0.0,0.0,0.0,0.0,0.0,0.0,0.0,0.0,0.0,0.0,0.0,0.0,0.0,0.0,0.0,0.0014161,0.0,0.0014161,0.0,0.0,0.0,0.0,0.0,0.0014161,0.0,0.0,0.0,0.0,0.0,0.0,0.0,0.0,0.0,0.0,0.0,0.0,0.0,0.0,0.0,0.0,0.0,0.0,0.0,0.0,0.0,0.0,0.0,0.0,0.0,0.0,0.0,0.0,0.0,0.0,0.0,0.0,0.0,0.0,0.0,0.0,0.0,0.0,0.0,0
UAB 17017,36.2434861,1.4455102,46.6460237,2.8426856000000003,1.4696775,0.0120837,3.4121289999999997,0.0921381,0.21901669999999998,0.0,0.10120080000000001,0.3866777,0.48938899999999996,0.0,0.0453138,0.1329205,2.5843969,0.0,1.7853636,0.25677819999999996,0.2250585,0.1721924,0.0,0.24167360000000002,0.0,0.1525565,0.0,0.0241674,0.0,0.22052719999999998,0.0015105000000000001,0.0015105000000000001,0.0015105000000000001,0.0045314,0.0,0.0,0.08156479999999999,0.0,0.0090628,0.0090628,0.0,0.2250585,0.0,0.0,0.0,0.0,0.0,0.0,0.0,0.0,0.0,0.0015105000000000001,0.0,0.0030209,0.0,0.0,0.0,0.0,0.25073629999999997,0.0,0.170682,0.0015105000000000001,0.0,0.0,0.0,0.0120837,0.0,0.0,0.0,0.0,0.0,0.0045314,0.0,0.0,0.0,0.0,0.0,0.0,0.0,0.0,0.0,0.0,0.0,0.0,0.0030209,0.0,0.0,0.0,0.0,0.0,0.0015105000000000001,0.0,0.0,0.0,0.0,0.0,0.0,0.0,0.0,0.0,0.0,0.0,0.0,0.0,0.0,0.0,0.0,0.0,0.0,0.0,0.0090628,0.0015105000000000001,0.0,0.0,0.0,0.0,0.0,0.0,0.0030209,0.0,0.0,0.0,0.0,0.0,0.0,0.0,0.0,0.0015105000000000001,0.0,0.0015105000000000001,0.0,0.0,0.0,0.0,0.0,0.0,0.0,0.0,0.0,0.0,0.0,0.0,0.0,0.0,0.0,0.0,0.0,0.0,0.0,0.0,0.0,0.0,0.0,0.0,0.0,0.0,0.0,0.0,0.0,0.0,0.0,0.0,0.0,0.0,0.0,0.0,0.0,0.0,0.0,0.0,0.0,0.0,0.0,0.0,0.0,0.0,0.0,0.0,0.0,0.0,0.0,0.0,0.0,0.0,0.0,0.0,0.0,0.0,0.0,0.0,0.0,0.0,0.0,0.0,0.0,0.0,0.0,0.0,0.0,0.0,0.0,0.0,0.0,0.0,0.0,0.0,0.0,0.0,0.0,0.0,0.0,0.0,0.0,0.0,0.0,0.0,0.0,0.0,0.0,0.0,0.0,0.0,0.0,0.0,0.0,0.0,0.0,0.0,0.0,0.0,0.0,0.0,0.0,0.0,0.0,0.0,0.0,0
UAB 17018,47.1345715,8.8972759,0.2219477,0.021461900000000003,0.0026173000000000004,0.0031408,7.2986243,0.2193304,0.0020938,0.0,0.3627589,0.9652631,17.3852049,0.0,2.1556146000000003,0.0,0.0,1.2243766,0.0015704,0.0010469,0.0005235,8.9977805,0.0036642,4.5520216,0.012039600000000001,0.0020938,0.0010469,0.0,0.0015704,0.0005235,0.0,0.0005235,0.005234600000000001,0.0005235,0.0,0.0,0.0005235,0.0690969,0.0005235,0.0026173000000000004,0.0,0.0,0.0,0.006805,0.0,0.0005235,0.0,0.0,0.0,0.0,0.0,0.0083754,0.0,0.0005235,0.0,0.0,0.0,0.0,0.0036642,0.0020938,0.0,0.0,0.0,0.0,0.0015704,0.0,0.0,0.0005235,0.1434285,0.1329592,0.0,0.0225088,0.0,0.0,0.0,0.0020938,0.0518227,0.0,0.0036642,0.0,0.0,0.0146569,0.0,0.0,0.0,0.0209385,0.0005235,0.0,0.0005235,0.0073285,0.0,0.0,0.0,0.0,0.0,0.0094223,0.0,0.0026173000000000004,0.0,0.0,0.0047112,0.0010469,0.0,0.0,0.0005235,0.0010469,0.0,0.0,0.0,0.0,0.0,0.0005235,0.0,0.0,0.0,0.0005235,0.0,0.0,0.0,0.0,0.0,0.0,0.0,0.0,0.0,0.0,0.0,0.0005235,0.0,0.0,0.0,0.0010469,0.0005235,0.0,0.0,0.0,0.0005235,0.0,0.0005235,0.0,0.0,0.0,0.0,0.0,0.0,0.0015704,0.0,0.0,0.0,0.0,0.0005235,0.0,0.0,0.0,0.0,0.0005235,0.0005235,0.0,0.0,0.0,0.0,0.0,0.0,0.0,0.0,0.0,0.0,0.0,0.0,0.0,0.0,0.0,0.0,0.0,0.0,0.0,0.0,0.0,0.0,0.0,0.0,0.0,0.0,0.0,0.0,0.0,0.0,0.0,0.0,0.0,0.0,0.0,0.0,0.0,0.0,0.0010469,0.0,0.0,0.0,0.0,0.0,0.0,0.0,0.0,0.0,0.0,0.0,0.0,0.0,0.0,0.0,0.0,0.0,0.0,0.0,0.0,0.0,0.0,0.0,0.0,0.0,0.0,0.0,0.0,0.0,0.0,0.0,0.0005235,0.0,0.0,0.0,0.0,0.0,0.0,0.0,0.0,0.0,0
UAB 17019,7.5677671,0.26999989999999996,0.0019424,8.7594573,0.1301438,77.9852957,2.0191719,0.009712199999999999,0.6167264,1.9531288,0.0776978,0.0,0.0009712,0.0,0.0,0.0009712,0.0019424,0.0,0.0038849,0.0,0.0,0.006798599999999999,0.0038849,0.0,0.0019424,0.0,0.0009712,0.0,0.0,0.0,0.0301079,0.0,0.0019424,0.0,0.0,0.0,0.0019424,0.0,0.0,0.0155396,0.0,0.0,0.0,0.0,0.0009712,0.0,0.0009712,0.0,0.0,0.0,0.5040646,0.0,0.0,0.0,0.0,0.0,0.0,0.0009712,0.0,0.0,0.0,0.0,0.009712199999999999,0.0,0.0,0.0,0.0058273000000000005,0.0019424,0.0,0.0,0.0,0.0,0.0038849,0.0048560999999999995,0.0009712,0.0,0.0,0.0,0.0,0.0,0.0,0.0,0.0,0.0,0.0,0.0,0.0,0.0029137,0.0,0.0,0.0,0.0,0.0,0.0,0.0,0.0,0.0,0.0,0.0,0.0,0.0,0.0,0.0,0.0,0.0,0.0,0.0,0.0,0.0,0.0,0.0,0.0,0.0,0.0,0.0,0.0,0.0,0.0,0.0,0.0,0.0,0.0,0.0,0.0,0.0,0.0,0.0,0.0,0.0,0.0,0.0,0.0,0.0,0.0,0.0,0.0,0.0,0.0,0.0,0.0,0.0,0.0,0.0,0.0,0.0,0.0,0.0,0.0,0.0,0.0,0.0,0.0,0.0009712,0.0,0.0,0.0,0.0,0.0,0.0,0.0,0.0,0.0,0.0,0.0,0.0,0.0,0.0,0.0,0.0,0.0,0.0,0.0,0.0,0.0,0.0,0.0,0.0,0.0,0.0,0.0,0.0,0.0,0.0,0.0,0.0,0.0,0.0,0.0,0.0,0.0,0.0,0.0,0.0,0.0,0.0,0.0,0.0,0.0,0.0,0.0,0.0,0.0,0.0,0.0,0.0,0.0,0.0,0.0,0.0,0.0,0.0,0.0,0.0,0.0,0.0,0.0,0.0,0.0,0.0,0.0,0.0,0.0,0.0,0.0,0.0,0.0,0.0,0.0,0.0,0.0,0.0,0.0,0.0,0.0,0.0,0.0,0.0,0
UAB 17020,0.050537399999999996,0.1243999,0.0194375,4.350107899999999,1.7532606,51.103077,1.0107489,0.015550000000000001,2.0370478000000003,19.787353999999997,0.031100000000000003,0.0058312,0.3323809,0.0,6.2316559,0.0,0.007775000000000001,0.0019437,0.0,4.7310825,0.0680312,0.0019437,0.007775000000000001,5.8176376,0.0,0.0408187,0.0,0.0019437,0.0058312,0.0,0.0,0.0019437,0.0058312,0.0019437,0.0,1.642467,0.0,0.0019437,0.0019437,0.0213812,0.0,0.0,0.0,0.25657470000000004,0.0,0.0,0.0,0.0,0.0019437,0.0,0.0,0.007775000000000001,0.0,0.0,0.0,0.0,0.0,0.007775000000000001,0.015550000000000001,0.0,0.0019437,0.0,0.0563687,0.1380061,0.0719187,0.0,0.052481200000000006,0.0,0.0,0.0,0.0,0.0,0.023325000000000002,0.023325000000000002,0.0349875,0.015550000000000001,0.0174937,0.0,0.0,0.0,0.0,0.0,0.0,0.0,0.0,0.0058312,0.0,0.0,0.0,0.011662500000000001,0.0,0.0,0.0,0.0,0.0038875000000000003,0.0058312,0.0058312,0.0,0.0,0.0,0.0038875000000000003,0.0,0.0,0.0,0.0,0.0,0.0,0.0,0.0,0.0,0.0,0.0,0.0,0.0,0.0019437,0.0,0.0,0.0019437,0.0,0.0,0.0,0.0,0.0,0.0,0.0,0.0,0.0038875000000000003,0.0038875000000000003,0.0,0.0,0.0,0.0,0.0,0.0,0.0,0.0,0.0,0.0,0.0,0.0,0.0,0.0019437,0.0,0.0,0.0,0.0,0.0,0.0,0.0,0.0,0.0019437,0.0,0.0,0.0,0.0,0.0,0.0,0.0,0.0,0.0019437,0.0,0.0,0.0,0.0019437,0.0,0.0019437,0.0,0.0,0.0,0.0,0.0,0.0,0.0,0.0,0.0,0.0,0.0,0.0019437,0.0,0.0,0.0,0.0,0.0,0.0,0.0,0.0,0.0,0.0,0.0,0.0,0.0,0.0,0.0,0.0,0.0,0.0,0.0,0.0,0.0,0.0,0.0,0.0,0.0,0.0,0.0,0.0,0.0,0.0,0.0,0.0,0.0,0.0,0.0,0.0,0.0,0.0,0.0,0.0,0.0,0.0,0.0,0.0,0.0,0.0,0.0,0.0,0.0,0.0,0.0,0.0,0.0,0.0,0.0,0.0,0.0,0.0,0.0,0
UAB 17021,21.3255631,6.2311483,0.0045528999999999995,3.4009811,10.0293659,0.0165041,0.0045528999999999995,3.7219572999999997,0.0369919,0.0,0.3847161,8.980502399999999,6.4240755,0.0,3.7225264,0.0017073000000000001,1.2207337,10.5740009,0.0017073000000000001,0.009105700000000001,0.0039837,4.1470799000000005,0.0039837,0.2071548,0.015935,0.0034146000000000003,0.0,0.0,0.2686183,0.0028455,1.2776444,5.983587,5.951717,0.7745541,3.7185426,0.0005691,0.0005691,0.0011382,1.0892701,0.0165041,0.0,0.0,0.0005691,0.0,0.0,0.0,0.0,0.0,0.0005691,0.0,0.0,0.0125203,0.0,0.40008200000000005,0.0,0.0,0.0,0.0,0.0005691,0.0,0.0,0.0,0.0,0.0,0.0,0.0,0.0,0.0005691,0.0,0.0,0.0,0.0039837,0.0,0.0,0.0,0.0,0.0005691,0.0,0.0011382,0.0,0.0,0.005122,0.0,0.0,0.0005691,0.0022764,0.0,0.0,0.0005691,0.0005691,0.0,0.0,0.0005691,0.0,0.0,0.0005691,0.0,0.0011382,0.0,0.0005691,0.0,0.0,0.0,0.0,0.0011382,0.0,0.0,0.0,0.0,0.0005691,0.0,0.0,0.0,0.0,0.0,0.0,0.0005691,0.0,0.0,0.0,0.0,0.0005691,0.0,0.0,0.0,0.0,0.0,0.0,0.0,0.0,0.0,0.0011382,0.0,0.0,0.0,0.0,0.0,0.0,0.0,0.0,0.0,0.0,0.0,0.0,0.0,0.0,0.0,0.0,0.0,0.0,0.0,0.0,0.0,0.0,0.0,0.0,0.0,0.0,0.0,0.0,0.0,0.0011382,0.0011382,0.0,0.0,0.0,0.0,0.0,0.0,0.0,0.0005691,0.0,0.0,0.0,0.0,0.0,0.0,0.0,0.0,0.0,0.0,0.0,0.0,0.0,0.0,0.0,0.0,0.0,0.0005691,0.0,0.0,0.0,0.0,0.0,0.0,0.0005691,0.0,0.0,0.0,0.0,0.0,0.0005691,0.0,0.0,0.0011382,0.0,0.0,0.0,0.0,0.0,0.0,0.0,0.0,0.0,0.0,0.0,0.0,0.0,0.0,0.0,0.0,0.0,0.0,0.0,0.0,0.0,0.0,0.0,0.0,0.0,0.0,0.0,0.0,0.0,0.0,0.0,0.0,0
UAB 17022,79.00232969999999,0.9227536,2.7527294,1.4357499,0.0,0.0,2.5658947000000003,0.015074700000000002,0.0,0.0045681,0.3257046,0.5965922,0.6610022,0.0,3.534786,0.0365447,2.7568407,0.0,0.0,3.7060893,0.0013704,0.059841899999999996,0.0,0.1516605,0.0438536,0.0415696,0.0009136,0.0,0.0,0.6166918,0.0,0.0004568,0.0,0.0,0.0,0.0,0.0475081,0.0,0.0315198,0.0,0.0,0.2594674,0.0,0.012790600000000001,0.0,0.0,0.0,0.0,0.0,0.0,0.0,0.0082226,0.0004568,0.0009136,0.0,0.0,0.3389521,0.002284,0.0114202,0.0004568,0.0013704,0.0,0.0004568,0.0,0.0,0.0,0.0,0.0,0.0004568,0.0,0.0100498,0.0018272,0.0,0.0,0.0,0.0004568,0.0009136,0.0,0.0,0.0,0.0,0.0013704,0.0,0.0,0.0,0.0,0.0,0.0,0.0,0.0,0.0,0.0,0.0004568,0.0,0.0013704,0.0013704,0.0,0.0009136,0.0,0.0105066,0.0004568,0.0,0.0,0.0,0.0,0.0,0.0,0.0,0.0,0.0,0.0,0.0009136,0.0077657,0.0,0.0,0.0,0.0,0.0,0.0,0.0,0.0,0.0009136,0.0,0.0004568,0.0,0.0,0.0,0.0009136,0.0,0.0,0.0,0.0,0.0,0.0,0.0,0.0,0.0,0.0036545,0.0,0.0,0.0004568,0.0,0.0,0.002284,0.0,0.0,0.0,0.0,0.0,0.0,0.0,0.0013704,0.0,0.0,0.0,0.0,0.0,0.0,0.0,0.0,0.0,0.0,0.0,0.0,0.0,0.0,0.0,0.0,0.0,0.0,0.0009136,0.0,0.0,0.0,0.0,0.0,0.0,0.0,0.0,0.0,0.0,0.0,0.0,0.0,0.0009136,0.0,0.0,0.0,0.0,0.0,0.0,0.0,0.0,0.0,0.0,0.0,0.0,0.0,0.0,0.0,0.0,0.0,0.0,0.0,0.0,0.0,0.0,0.0,0.0,0.0,0.0,0.0,0.0,0.0,0.0,0.0,0.0,0.0,0.0,0.0,0.0,0.0,0.0,0.0,0.0,0.0,0.0,0.0,0.0,0.0,0.0,0.0,0.0004568,0.0,0.0,0.0,0.0,0
UAB 18001,29.8972166,0.0065467,35.9442002,0.4075331,0.0043645,0.0158212,0.5744744,0.0452815,0.031096900000000004,0.0,0.0016367,0.0043645,2.1838754,0.0289147,0.0027278,0.0,1.3906316,0.0,7.1555609,0.0,21.2975592,0.0005456,0.0032734,0.0032734,0.0,0.0032734,0.0005456,0.0,0.0,0.0,0.1151131,0.0109112,0.0043645,0.0092745,0.0,0.0,0.6486704999999999,0.0,0.0,0.061102699999999996,0.0065467,0.0190946,0.0441903,0.0,0.0005456,0.0,0.0,0.0,0.0,0.0,0.0,0.0,0.0,0.0043645,0.0,0.0065467,0.0,0.0,0.0,0.0010911,0.0,0.0,0.0,0.0,0.0038189000000000005,0.0,0.0,0.0,0.0,0.0,0.0027278,0.0060012,0.0,0.0,0.0,0.0,0.0,0.0,0.0054556,0.0,0.0,0.0060012,0.0092745,0.0,0.0010911,0.0,0.0010911,0.0032734,0.0,0.0,0.007637800000000001,0.0,0.0005456,0.0,0.0,0.0,0.0,0.0043645,0.0,0.0,0.0,0.0,0.0,0.0,0.0,0.0005456,0.0,0.0,0.0,0.0,0.0,0.0005456,0.0,0.0,0.0,0.0,0.0,0.0,0.0016367,0.0,0.0,0.0,0.0,0.0,0.0,0.0,0.0,0.0,0.0,0.0,0.0,0.0,0.0,0.0,0.0,0.0,0.0,0.0,0.0,0.0060012,0.0,0.0,0.0,0.0,0.0,0.0,0.0,0.0,0.0,0.0,0.0,0.0,0.0005456,0.0,0.0,0.0,0.0,0.0,0.0,0.0,0.0,0.0,0.0,0.0,0.0,0.0,0.0,0.0,0.0010911,0.0,0.0,0.0,0.0,0.0,0.0,0.0,0.0,0.0,0.0005456,0.0005456,0.0,0.0,0.0005456,0.0,0.0,0.0,0.0005456,0.0,0.0,0.0,0.0,0.0,0.0,0.0,0.0,0.0,0.0,0.0,0.0,0.0,0.0,0.0,0.0,0.0005456,0.0,0.0,0.0,0.0,0.0,0.0,0.0,0.0,0.0,0.0,0.0,0.0,0.0,0.0,0.0,0.0005456,0.0005456,0.0,0.0,0.0,0.0,0.0,0.0,0.0,0.0,0.0,0.0,0.0,0.0,0.0,0.0,0.0,0.0,0
UAB 18002,14.757993299999999,3.9687068,0.0211018,0.0062524,0.0140679,0.014849399999999999,0.7979617,8.8760541,0.064087,0.0,8.2656642,20.4007784,0.8229713,0.0,0.5259826000000001,2.1125274999999997,11.4872099,5.911638,0.0023446,0.0406406,0.0054708,0.7151175,3.6529608999999996,1.9992028,9.6091473,0.0039077,0.0031262,0.8737719999999999,0.0031262,0.0031262,0.0007815000000000001,0.011723200000000001,0.0218834,4.0632742,0.0007815000000000001,0.0,0.0015631,0.0078155,0.3587311,0.0195387,0.0,0.0015631,0.0,0.3227798,0.0,0.0,0.0,0.0,0.0,0.0007815000000000001,0.0,0.017975599999999998,0.0015631,0.0,0.0007815000000000001,0.0,0.0007815000000000001,0.0,0.0062524,0.0,0.011723200000000001,0.0015631,0.0,0.0,0.017975599999999998,0.0007815000000000001,0.0,0.0062524,0.0,0.0,0.0,0.0132863,0.0,0.0,0.0,0.022664899999999998,0.0023446,0.0,0.0140679,0.0,0.0,0.0,0.0,0.0,0.0039077,0.0093786,0.0,0.0,0.0015631,0.0039077,0.0,0.0023446,0.0031262,0.0,0.007033900000000001,0.0023446,0.0062524,0.0,0.0,0.0007815000000000001,0.0007815000000000001,0.0,0.0015631,0.0,0.0031262,0.0,0.0062524,0.0125048,0.0,0.0007815000000000001,0.0,0.0007815000000000001,0.0,0.0,0.0007815000000000001,0.0039077,0.0007815000000000001,0.0,0.0007815000000000001,0.0,0.0,0.0007815000000000001,0.0101601,0.0,0.0,0.0,0.0,0.0,0.0039077,0.0,0.0,0.0,0.0007815000000000001,0.0,0.0,0.0,0.0,0.0,0.0015631,0.0,0.0007815000000000001,0.0,0.0031262,0.0,0.0,0.0,0.0,0.0,0.0007815000000000001,0.0,0.0,0.0023446,0.0,0.0023446,0.0,0.0,0.0,0.0,0.0,0.0,0.0039077,0.0015631,0.0,0.0,0.0007815000000000001,0.0,0.0,0.0,0.0,0.0,0.0015631,0.0,0.0,0.0,0.0,0.0,0.0,0.0,0.0,0.0,0.0,0.0,0.0,0.0,0.0,0.0,0.0,0.0,0.0,0.0,0.0,0.0,0.0,0.0,0.0,0.0,0.0015631,0.0,0.0007815000000000001,0.0,0.0,0.0,0.0,0.0,0.0,0.0,0.0,0.0,0.0,0.0,0.0,0.0,0.0,0.0,0.0007815000000000001,0.0007815000000000001,0.0,0.0,0.0,0.0,0.0,0.0,0.0,0.0,0.0,0.0,0.0,0.0,0.0,0.0,0.0,0.0,0.0,0.0,0.0,0.0,0.0,0
UAB 18003,36.0180798,0.44859180000000004,48.9470487,3.0142645,0.0029161,0.0053462,3.8740248999999998,0.0801925,0.0019440999999999998,0.0,0.1205317,0.2352312,0.3406965,0.0,0.033049,0.1521227,2.7484143999999997,0.000486,1.9304512999999999,0.3100775,0.2172487,0.000972,0.0,0.2050983,0.0,0.1594129,0.0,0.0208986,0.0,0.19829409999999997,0.0,0.000972,0.000972,0.0019440999999999998,0.000486,0.0,0.10254909999999999,0.0,0.0053462,0.009234299999999999,0.0,0.324658,0.0,0.0,0.0,0.0,0.000486,0.0,0.0,0.0,0.0,0.0019440999999999998,0.0,0.0024301,0.0,0.0,0.0,0.0,0.2653641,0.0,0.1929479,0.0,0.0,0.0,0.0,0.000486,0.0,0.0,0.0,0.0,0.0,0.0034021,0.0,0.0,0.0,0.0,0.0024301,0.0,0.0019440999999999998,0.0,0.0,0.000486,0.0,0.0,0.000486,0.0,0.0,0.0,0.0,0.000486,0.0,0.0,0.0,0.0,0.0,0.0,0.0,0.0,0.0,0.000486,0.0,0.000972,0.0,0.0,0.0,0.000486,0.0,0.0,0.0,0.0,0.0077762000000000005,0.000486,0.0,0.0,0.0,0.0,0.0,0.0,0.0,0.0,0.000486,0.0,0.0,0.0,0.0,0.0,0.0,0.0,0.0,0.0019440999999999998,0.0,0.0,0.0,0.0,0.0,0.0,0.0,0.0,0.0,0.0,0.0,0.0,0.0,0.0,0.0,0.0,0.000486,0.0,0.0,0.0,0.0,0.000486,0.0,0.0,0.000486,0.0,0.0,0.0,0.0,0.0,0.0,0.0,0.0,0.0,0.0,0.0,0.0,0.0,0.0,0.0,0.0,0.000486,0.0,0.0,0.0,0.0,0.0,0.0,0.0,0.0,0.0,0.0,0.0,0.0,0.0,0.0,0.0,0.0,0.0,0.0,0.0,0.0,0.0,0.0,0.0,0.0,0.0,0.0,0.000486,0.0,0.0,0.0,0.0,0.0,0.0,0.0,0.0,0.0,0.0,0.0,0.0,0.0,0.0,0.0,0.0,0.0,0.0,0.0,0.0,0.0,0.0,0.0,0.0,0.0,0.0,0.0,0.0,0.0,0.000486,0.0,0.0,0.0,0.0,0.0,0.0,0.0,0.0,0
UAB 18004,0.0194546,0.0016212,0.0097273,0.0024318,0.0097273,74.4722934,0.0048637,0.0064849,0.0064849,0.0,0.0397199,0.0008106,0.3550469,0.0,8.3119873,0.0,0.0016212,0.0016212,0.0,6.0487663,0.0024318,0.0008106,0.0,7.3522259000000005,0.0,0.0,0.0,0.0,0.0024318,0.0,0.0,0.0,0.0008106,0.0008106,0.0,2.5007295,0.0008106,0.004053,0.0,0.0162122,0.0,0.0,0.0,0.3477514,0.0,0.0,0.0,0.0,0.0,0.0,0.0,0.0072955,0.0,0.0,0.0,0.0,0.0,0.0064849,0.0324244,0.0,0.011348500000000001,0.0,0.0,0.21400080000000002,0.10294740000000001,0.0,0.0,0.0,0.0016212,0.0,0.0,0.0008106,0.0,0.0,0.0,0.014591,0.012159099999999999,0.0,0.0,0.0,0.0,0.0008106,0.0,0.0,0.0,0.012969699999999999,0.0,0.0,0.0,0.015401600000000001,0.0,0.0,0.0008106,0.0,0.0064849,0.0097273,0.004053,0.0016212,0.0,0.0,0.0056743,0.0,0.0,0.0,0.0,0.0,0.0,0.0,0.0,0.0,0.0,0.0,0.0,0.0,0.0008106,0.0008106,0.0008106,0.0,0.0,0.0,0.0,0.0,0.0,0.0,0.0,0.0,0.0,0.0032424,0.0,0.0,0.0,0.0,0.0,0.0,0.0008106,0.0,0.0,0.0,0.0024318,0.0,0.0,0.0,0.0,0.0,0.0,0.0008106,0.0,0.0016212,0.0,0.0,0.0016212,0.0,0.0,0.0008106,0.0,0.0,0.0,0.0,0.0,0.0008106,0.0,0.0,0.0,0.0,0.0,0.0,0.0,0.0,0.0,0.0,0.0,0.0,0.0,0.0,0.0,0.0,0.0008106,0.0008106,0.0,0.0,0.0,0.0,0.0,0.0,0.0,0.0,0.0,0.0,0.0,0.0,0.0,0.0,0.0,0.0,0.0,0.0,0.0,0.0,0.0,0.0,0.0,0.0,0.0,0.0,0.0,0.0,0.0,0.0,0.0,0.0,0.0,0.0,0.0,0.0008106,0.0,0.0,0.0,0.0,0.0,0.0,0.0,0.0,0.0,0.0,0.0,0.0,0.0,0.0,0.0,0.0,0.0,0.0,0.0,0.0,0.0,0.0,0.0,0
UAB 18005,20.4011645,1.1710877,0.2177951,22.5101762,29.6196929,0.0197596,16.8716546,0.110654,0.072452,0.0,2.9784357,0.050496799999999994,1.1118088,0.0,0.0232725,0.0004391,1.9241492999999998,0.0004391,1.0086196,0.0,0.4812569,0.09484619999999999,0.0013173,0.0004391,0.0,0.0131731,0.0,0.0,0.0,0.0096603,0.0,0.0008782,0.012734,0.0241507,0.0004391,0.8926964000000001,0.0166859,0.0,0.0,0.0412757,0.0,0.0935289,0.0004391,0.0,0.0,0.0004391,0.0,0.0026346,0.0008782,0.0,0.0926507,0.0,0.0,0.0013173,0.0,0.0004391,0.0,0.0210769,0.0004391,0.004391,0.0,0.0,0.0,0.0004391,0.0017564,0.0,0.0,0.0588398,0.0,0.0,0.0026346,0.0026346,0.0,0.0,0.0,0.0,0.0,0.0,0.0004391,0.0,0.0,0.0004391,0.0,0.0,0.0118558,0.0,0.0004391,0.0039518999999999995,0.0,0.0,0.0004391,0.0035128,0.0004391,0.0,0.0,0.0,0.0,0.0030737,0.0,0.0,0.0,0.004391,0.0,0.0,0.0,0.0,0.0,0.0,0.0,0.0,0.0,0.0,0.0,0.0,0.0,0.0,0.0008782,0.0,0.0,0.0,0.0,0.0,0.0,0.0,0.0,0.0,0.0,0.0,0.0,0.0,0.0,0.0004391,0.0,0.0004391,0.0004391,0.0,0.0,0.0,0.0,0.0,0.0,0.0,0.0,0.0,0.0,0.0,0.0,0.0,0.0,0.0,0.0,0.0,0.0,0.0,0.0008782,0.0,0.0,0.0,0.0,0.0,0.0,0.0,0.0,0.0,0.0,0.0,0.0,0.0,0.0,0.0,0.0,0.0,0.0,0.0,0.0,0.0,0.0,0.0,0.0,0.0,0.0,0.0,0.0,0.0,0.0,0.0,0.0,0.0,0.0,0.0,0.0,0.0,0.0,0.0,0.0004391,0.0,0.0,0.0,0.0,0.0,0.0,0.0,0.0,0.0,0.0,0.0004391,0.0004391,0.0,0.0,0.0,0.0,0.0,0.0,0.0,0.0,0.0,0.0,0.0,0.0,0.0,0.0,0.0,0.0,0.0,0.0,0.0,0.0,0.0,0.0,0.0,0.0,0.0,0.0,0.0004391,0.0,0.0,0.0,0
UAB 18006,32.6309416,0.9009991,0.2591583,19.7662731,24.2797457,0.0726612,13.459279399999998,0.0932486,0.08719350000000001,0.0036331000000000002,3.1692401,0.0351196,0.9748713000000001,0.0,0.0169543,0.0,1.6663639000000001,0.0,0.9240085,0.0,0.40569179999999994,0.0811384,0.0,0.0,0.0,0.0048441,0.0,0.13200119999999999,0.0,0.0121102,0.0,0.0,0.0060551,0.0096882,0.0,0.7254012,0.0108992,0.0,0.0,0.0205873,0.0,0.0738722,0.0,0.0,0.0,0.0,0.0,0.0012109999999999998,0.0012109999999999998,0.0,0.06781709999999999,0.0,0.0,0.0,0.0,0.0012109999999999998,0.0,0.0108992,0.0,0.0,0.0,0.0,0.0,0.0024219999999999997,0.0036331000000000002,0.0,0.0,0.044807799999999995,0.0,0.0,0.0012109999999999998,0.0024219999999999997,0.0,0.0217984,0.0,0.0,0.0,0.0,0.0,0.0,0.0,0.0,0.0,0.0,0.0060551,0.0,0.0,0.0012109999999999998,0.0,0.0,0.0012109999999999998,0.0012109999999999998,0.0012109999999999998,0.0,0.0,0.0,0.0,0.0024219999999999997,0.0,0.0,0.0,0.0012109999999999998,0.0,0.0,0.0,0.0,0.0,0.0,0.0,0.0,0.0,0.0,0.0,0.0,0.0,0.0,0.0012109999999999998,0.0,0.0,0.0,0.0,0.0,0.0,0.0,0.0,0.0,0.0,0.0,0.0,0.0,0.0,0.0,0.0,0.0,0.0,0.0,0.0012109999999999998,0.0,0.0,0.0,0.0,0.0,0.0,0.0,0.0,0.0,0.0,0.0,0.0,0.0,0.0,0.0,0.0,0.0,0.0012109999999999998,0.0,0.0,0.0,0.0,0.0,0.0,0.0,0.0,0.0,0.0,0.0,0.0,0.0,0.0,0.0,0.0,0.0,0.0,0.0,0.0,0.0,0.0,0.0,0.0,0.0,0.0,0.0,0.0,0.0,0.0,0.0,0.0,0.0,0.0,0.0,0.0,0.0,0.0,0.0,0.0012109999999999998,0.0,0.0,0.0,0.0,0.0,0.0,0.0,0.0,0.0,0.0,0.0,0.0,0.0,0.0,0.0,0.0,0.0,0.0,0.0,0.0,0.0,0.0,0.0,0.0,0.0,0.0,0.0,0.0,0.0,0.0,0.0,0.0,0.0,0.0,0.0,0.0,0.0,0.0,0.0,0.0,0.0,0.0,0
UAB 18007,12.5,37.5,25.0,0.0,0.0,0.0,0.0,12.5,0.0,0.0,0.0,0.0,0.0,12.5,0.0,0.0,0.0,0.0,0.0,0.0,0.0,0.0,0.0,0.0,0.0,0.0,0.0,0.0,0.0,0.0,0.0,0.0,0.0,0.0,0.0,0.0,0.0,0.0,0.0,0.0,0.0,0.0,0.0,0.0,0.0,0.0,0.0,0.0,0.0,0.0,0.0,0.0,0.0,0.0,0.0,0.0,0.0,0.0,0.0,0.0,0.0,0.0,0.0,0.0,0.0,0.0,0.0,0.0,0.0,0.0,0.0,0.0,0.0,0.0,0.0,0.0,0.0,0.0,0.0,0.0,0.0,0.0,0.0,0.0,0.0,0.0,0.0,0.0,0.0,0.0,0.0,0.0,0.0,0.0,0.0,0.0,0.0,0.0,0.0,0.0,0.0,0.0,0.0,0.0,0.0,0.0,0.0,0.0,0.0,0.0,0.0,0.0,0.0,0.0,0.0,0.0,0.0,0.0,0.0,0.0,0.0,0.0,0.0,0.0,0.0,0.0,0.0,0.0,0.0,0.0,0.0,0.0,0.0,0.0,0.0,0.0,0.0,0.0,0.0,0.0,0.0,0.0,0.0,0.0,0.0,0.0,0.0,0.0,0.0,0.0,0.0,0.0,0.0,0.0,0.0,0.0,0.0,0.0,0.0,0.0,0.0,0.0,0.0,0.0,0.0,0.0,0.0,0.0,0.0,0.0,0.0,0.0,0.0,0.0,0.0,0.0,0.0,0.0,0.0,0.0,0.0,0.0,0.0,0.0,0.0,0.0,0.0,0.0,0.0,0.0,0.0,0.0,0.0,0.0,0.0,0.0,0.0,0.0,0.0,0.0,0.0,0.0,0.0,0.0,0.0,0.0,0.0,0.0,0.0,0.0,0.0,0.0,0.0,0.0,0.0,0.0,0.0,0.0,0.0,0.0,0.0,0.0,0.0,0.0,0.0,0.0,0.0,0.0,0.0,0.0,0.0,0.0,0.0,0.0,0.0,0.0,0.0,0
UAB 18008,20.8983906,1.4614966,42.8044047,2.8724225,0.0,11.7678294,1.9457122,0.0303425,0.0063214,0.0,0.07459199999999999,0.47536569999999995,0.0632135,0.0834418,0.0012643,0.0,1.6941224000000001,0.0012643,1.8293993000000002,0.0,0.060685,0.41720919999999995,0.0,0.46904429999999997,0.0505708,0.0,0.0986131,12.3746792,0.0,0.0,0.0,0.0252854,0.0050571,0.017699799999999998,0.0,0.0,0.093556,0.0,0.0,0.031606800000000004,0.0,0.0012643,0.0,0.0,0.0,0.0,0.0,0.0012643,0.0,0.0037928,0.0,0.0,0.0,0.0037928,0.0,0.2907822,0.0,0.0,0.0,0.0,0.0,0.0,0.0,0.0,0.0,0.0,0.0,0.017699799999999998,0.0,0.0,0.0,0.0,0.0,0.0,0.0,0.0,0.0025285,0.0,0.0012643,0.0,0.0,0.0,0.0,0.0,0.0,0.0012643,0.0,0.0,0.0037928,0.0,0.0,0.0012643,0.0,0.0,0.0012643,0.0,0.0,0.0,0.0,0.0,0.0,0.0012643,0.0025285,0.0075856,0.0,0.0,0.0,0.0,0.0,0.0,0.0,0.0,0.0,0.0,0.0,0.0,0.0,0.0,0.0,0.0,0.0,0.0,0.0,0.0,0.0,0.0,0.0,0.0,0.0,0.0,0.0,0.0,0.0025285,0.0,0.0,0.0,0.0,0.0,0.0,0.0,0.0,0.0,0.0,0.0,0.0,0.0,0.0,0.0,0.0,0.0,0.0,0.0,0.0,0.0,0.0012643,0.0,0.0,0.0,0.0,0.0,0.0,0.0,0.0012643,0.0,0.0,0.0,0.0,0.0,0.0,0.0,0.0,0.0,0.0,0.0,0.0,0.0,0.0,0.0,0.0,0.0,0.0,0.0,0.0,0.0,0.0,0.0,0.0,0.0,0.0,0.0,0.0,0.0,0.0,0.0,0.0,0.0,0.0,0.0,0.0,0.0,0.0,0.0,0.0,0.0,0.0,0.0,0.0,0.0,0.0,0.0,0.0,0.0,0.0,0.0,0.0,0.0,0.0,0.0,0.0,0.0,0.0,0.0,0.0,0.0,0.0,0.0,0.0,0.0,0.0,0.0,0.0,0.0,0.0,0.0,0.0,0.0,0.0,0
UAB 18009,34.6153846,7.692307700000001,0.0,0.0,3.8461538,3.8461538,7.692307700000001,11.5384615,0.0,7.692307700000001,3.8461538,0.0,0.0,0.0,0.0,0.0,0.0,0.0,7.692307700000001,0.0,0.0,0.0,7.692307700000001,0.0,0.0,0.0,0.0,3.8461538,0.0,0.0,0.0,0.0,0.0,0.0,0.0,0.0,0.0,0.0,0.0,0.0,0.0,0.0,0.0,0.0,0.0,0.0,0.0,0.0,0.0,0.0,0.0,0.0,0.0,0.0,0.0,0.0,0.0,0.0,0.0,0.0,0.0,0.0,0.0,0.0,0.0,0.0,0.0,0.0,0.0,0.0,0.0,0.0,0.0,0.0,0.0,0.0,0.0,0.0,0.0,0.0,0.0,0.0,0.0,0.0,0.0,0.0,0.0,0.0,0.0,0.0,0.0,0.0,0.0,0.0,0.0,0.0,0.0,0.0,0.0,0.0,0.0,0.0,0.0,0.0,0.0,0.0,0.0,0.0,0.0,0.0,0.0,0.0,0.0,0.0,0.0,0.0,0.0,0.0,0.0,0.0,0.0,0.0,0.0,0.0,0.0,0.0,0.0,0.0,0.0,0.0,0.0,0.0,0.0,0.0,0.0,0.0,0.0,0.0,0.0,0.0,0.0,0.0,0.0,0.0,0.0,0.0,0.0,0.0,0.0,0.0,0.0,0.0,0.0,0.0,0.0,0.0,0.0,0.0,0.0,0.0,0.0,0.0,0.0,0.0,0.0,0.0,0.0,0.0,0.0,0.0,0.0,0.0,0.0,0.0,0.0,0.0,0.0,0.0,0.0,0.0,0.0,0.0,0.0,0.0,0.0,0.0,0.0,0.0,0.0,0.0,0.0,0.0,0.0,0.0,0.0,0.0,0.0,0.0,0.0,0.0,0.0,0.0,0.0,0.0,0.0,0.0,0.0,0.0,0.0,0.0,0.0,0.0,0.0,0.0,0.0,0.0,0.0,0.0,0.0,0.0,0.0,0.0,0.0,0.0,0.0,0.0,0.0,0.0,0.0,0.0,0.0,0.0,0.0,0.0,0.0,0.0,0.0,0
UAB 18010,3.3936516,44.594298,6.7633621,0.1596074,23.6378509,1.1990503,0.0019951,1.1930651,0.1895337,0.0,3.3996369,0.0,0.0,13.7761108,0.0,0.0,0.0,0.0,0.8259681,0.0,0.0,0.7002773,0.0059853,0.021946,0.0,0.0,0.0,0.0,0.0,0.0059853,0.0,0.0,0.0399018,0.0059853,0.0,0.0039902,0.0039902,0.0,0.0,0.065838,0.0,0.0,0.0,0.0,0.0,0.0,0.0,0.0,0.0,0.0,0.0,0.0,0.0,0.0019951,0.0,0.0,0.0,0.0,0.0,0.0,0.0,0.0,0.0,0.0,0.0,0.0,0.0,0.0,0.0,0.0,0.0,0.0039902,0.0,0.0,0.0,0.0,0.0,0.0,0.0,0.0,0.0,0.0,0.0,0.0,0.0,0.0,0.0,0.0,0.0,0.0,0.0,0.0,0.0019951,0.0,0.0,0.0,0.0,0.0019951,0.0,0.0,0.0,0.0,0.0,0.0,0.0,0.0019951,0.0,0.0,0.0,0.0,0.0,0.0,0.0,0.0,0.0,0.0,0.0,0.0,0.0,0.0,0.0,0.0,0.0,0.0,0.0,0.0,0.0,0.0,0.0,0.0,0.0,0.0,0.0,0.0,0.0,0.0,0.0,0.0,0.0,0.0,0.0,0.0,0.0,0.0,0.0,0.0,0.0,0.0,0.0,0.0,0.0,0.0,0.0,0.0,0.0,0.0,0.0,0.0,0.0,0.0,0.0,0.0,0.0,0.0,0.0,0.0,0.0,0.0,0.0,0.0,0.0,0.0,0.0,0.0,0.0,0.0,0.0,0.0,0.0,0.0,0.0,0.0,0.0,0.0,0.0,0.0,0.0,0.0,0.0,0.0,0.0,0.0,0.0,0.0,0.0,0.0,0.0,0.0,0.0,0.0,0.0,0.0,0.0,0.0,0.0,0.0,0.0,0.0,0.0,0.0,0.0,0.0,0.0,0.0,0.0,0.0,0.0,0.0,0.0,0.0,0.0,0.0,0.0,0.0,0.0,0.0,0.0,0.0,0.0,0.0,0.0,0.0,0.0,0.0,0.0,0.0,0.0,0
UAB 18011,0.0337603,22.982822,0.0039718,0.0079436,8.9226492,0.0139013,0.0019859,0.41902490000000003,0.0695065,0.0,4.4643033999999995,0.0019859,0.0079436,42.710753600000004,0.0,0.0278026,0.0,4.2319531,0.0019859,0.0039718,0.0,0.0,0.0059577,0.0,0.0039718,15.9209612,0.0,0.0019859,0.0,0.0,0.0019859,0.0,0.0079436,0.0019859,0.0,0.0019859,0.0,0.0,0.0,0.0139013,0.0,0.0,0.0,0.0,0.0,0.0059577,0.0,0.0,0.0158872,0.0,0.0,0.0,0.0,0.0,0.0,0.0,0.0,0.0,0.0,0.0238308,0.0,0.0,0.0,0.0,0.0079436,0.0,0.0,0.0,0.0,0.0,0.0,0.0039718,0.0,0.0,0.0,0.0,0.0,0.0,0.0,0.0,0.0,0.0019859,0.0,0.0,0.0317744,0.0,0.0079436,0.0,0.0,0.0,0.0,0.0019859,0.0059577,0.0,0.0,0.0,0.0,0.0,0.0,0.0019859,0.0,0.0,0.0,0.0,0.0059577,0.0,0.0,0.0,0.0,0.0,0.0,0.0039718,0.0,0.0,0.0,0.0,0.0019859,0.0,0.0,0.0,0.0,0.0,0.0,0.0,0.0,0.0,0.0,0.0,0.0,0.0,0.0,0.0,0.0,0.0019859,0.0039718,0.0,0.0059577,0.0,0.0,0.0,0.0,0.0,0.0,0.0,0.0,0.0,0.0,0.0,0.0,0.0,0.0,0.0,0.0,0.0,0.0,0.0,0.0,0.0,0.0,0.0,0.0,0.0,0.0,0.0,0.0,0.0,0.0,0.0,0.0,0.0,0.0,0.0,0.0,0.0,0.0,0.0,0.0,0.0,0.0,0.0,0.0,0.0,0.0,0.0,0.0,0.0,0.0,0.0,0.0,0.0,0.0,0.0,0.0,0.0,0.0,0.0,0.0,0.0,0.0,0.0,0.0,0.0,0.0,0.0,0.0,0.0,0.0,0.0,0.0,0.0,0.0,0.0,0.0,0.0,0.0,0.0,0.0,0.0,0.0,0.0,0.0,0.0,0.0,0.0,0.0,0.0,0.0,0.0,0.0,0.0,0.0,0.0,0.0,0.0,0.0,0.0,0.0,0
UAB 18012,76.5674256,1.1927367,7.7352751,1.522721,0.0424002,0.055304599999999995,5.6760992,0.0331828,0.4461241,0.0,0.4129413,0.0,0.5604203,0.0018434999999999999,0.0,0.0,3.7514977999999997,0.0,0.0073739999999999995,0.0,0.027652299999999998,0.0092174,0.0,0.0055305,0.0,0.0018434999999999999,0.0,1.3549636,0.0,0.0,0.0,0.0018434999999999999,0.0,0.0073739999999999995,0.0,0.0,0.1880358,0.0,0.0,0.0055305,0.1069223,0.2580883,0.0,0.0,0.0,0.0,0.0,0.0,0.0,0.0,0.0018434999999999999,0.0,0.0,0.0073739999999999995,0.0,0.0,0.0,0.0,0.0,0.0018434999999999999,0.0,0.0,0.0,0.0,0.0,0.0,0.0,0.0,0.0,0.0,0.0018434999999999999,0.0055305,0.0,0.0,0.0,0.0,0.0,0.0,0.0,0.0,0.0,0.0036869999999999997,0.0,0.0,0.0018434999999999999,0.0,0.0,0.0,0.0,0.0,0.0,0.0,0.0,0.0,0.0,0.0,0.0,0.0,0.0,0.0,0.0,0.0,0.0,0.0,0.0,0.0,0.0,0.0018434999999999999,0.0,0.0,0.0,0.0018434999999999999,0.0,0.0,0.0,0.0,0.0,0.0,0.0,0.0,0.0,0.0,0.0,0.0,0.0,0.0,0.0,0.0,0.0,0.0,0.0,0.0,0.0,0.0,0.0,0.0,0.0,0.0,0.0,0.0,0.0,0.0,0.0,0.0,0.0,0.0,0.0,0.0,0.0,0.0,0.0,0.0,0.0,0.0,0.0,0.0,0.0,0.0,0.0,0.0,0.0,0.0,0.0,0.0,0.0,0.0,0.0,0.0,0.0,0.0,0.0,0.0,0.0,0.0,0.0,0.0,0.0,0.0,0.0,0.0,0.0,0.0,0.0,0.0,0.0,0.0,0.0,0.0,0.0,0.0,0.0,0.0,0.0,0.0,0.0,0.0,0.0,0.0,0.0,0.0,0.0,0.0,0.0,0.0,0.0,0.0,0.0,0.0,0.0,0.0,0.0,0.0,0.0,0.0,0.0,0.0,0.0,0.0,0.0,0.0,0.0,0.0,0.0,0.0,0.0,0.0,0.0,0.0,0.0,0.0,0.0,0.0,0.0,0.0,0.0,0.0,0.0,0
UAB 18013,0.1327727,10.190307599999999,0.0442576,0.0110644,10.4890462,0.0442576,0.0,0.3098031,0.0663864,0.0,0.8740872000000001,21.6972782,0.0,22.5713653,10.898428899999999,0.0,0.0,0.0,16.5412702,0.0,0.0663864,0.0774508,0.0331932,0.1991591,0.0221288,0.0,0.0,0.0,5.1892012,0.0,0.0,0.0,0.0110644,0.0221288,0.0,0.0,0.0,0.0,0.0,0.1106439,0.0,0.0,0.0,0.2766099,0.0,0.0,0.0,0.0,0.0,0.0,0.0,0.0,0.0,0.0,0.0,0.0,0.0,0.0,0.0,0.0,0.0110644,0.0,0.0,0.0,0.0,0.0,0.0,0.0,0.0,0.0,0.0,0.0,0.0,0.0,0.0,0.055321999999999996,0.0,0.0,0.0,0.0,0.0,0.0,0.0,0.0,0.0,0.0,0.0,0.0,0.0,0.0,0.0,0.0,0.0,0.0,0.0110644,0.0110644,0.0110644,0.0,0.0,0.0,0.0110644,0.0,0.0,0.0,0.0,0.0,0.0,0.0,0.0,0.0110644,0.0,0.0,0.0,0.0,0.0,0.0,0.0,0.0,0.0,0.0,0.0,0.0,0.0,0.0,0.0,0.0,0.0,0.0,0.0,0.0,0.0,0.0,0.0,0.0,0.0,0.0,0.0,0.0,0.0,0.0,0.0,0.0,0.0,0.0,0.0,0.0,0.0,0.0,0.0,0.0,0.0,0.0,0.0,0.0,0.0,0.0,0.0,0.0,0.0,0.0,0.0,0.0,0.0,0.0,0.0,0.0,0.0,0.0,0.0,0.0,0.0,0.0,0.0,0.0,0.0,0.0,0.0,0.0,0.0,0.0,0.0,0.0,0.0,0.0,0.0,0.0,0.0,0.0,0.0,0.0,0.0,0.0,0.0,0.0,0.0,0.0,0.0,0.0,0.0,0.0,0.0,0.0,0.0,0.0,0.0,0.0,0.0,0.0,0.0,0.0,0.0,0.0,0.0,0.0,0.0,0.0,0.0,0.0,0.0,0.0,0.0,0.0,0.0,0.0,0.0,0.0,0.0,0.0,0.0,0.0,0.0,0.0,0.0,0.0,0.0,0.0,0.0,0
UAB 18014,50.0,0.0,0.0,0.0,0.0,0.0,0.0,0.0,50.0,0.0,0.0,0.0,0.0,0.0,0.0,0.0,0.0,0.0,0.0,0.0,0.0,0.0,0.0,0.0,0.0,0.0,0.0,0.0,0.0,0.0,0.0,0.0,0.0,0.0,0.0,0.0,0.0,0.0,0.0,0.0,0.0,0.0,0.0,0.0,0.0,0.0,0.0,0.0,0.0,0.0,0.0,0.0,0.0,0.0,0.0,0.0,0.0,0.0,0.0,0.0,0.0,0.0,0.0,0.0,0.0,0.0,0.0,0.0,0.0,0.0,0.0,0.0,0.0,0.0,0.0,0.0,0.0,0.0,0.0,0.0,0.0,0.0,0.0,0.0,0.0,0.0,0.0,0.0,0.0,0.0,0.0,0.0,0.0,0.0,0.0,0.0,0.0,0.0,0.0,0.0,0.0,0.0,0.0,0.0,0.0,0.0,0.0,0.0,0.0,0.0,0.0,0.0,0.0,0.0,0.0,0.0,0.0,0.0,0.0,0.0,0.0,0.0,0.0,0.0,0.0,0.0,0.0,0.0,0.0,0.0,0.0,0.0,0.0,0.0,0.0,0.0,0.0,0.0,0.0,0.0,0.0,0.0,0.0,0.0,0.0,0.0,0.0,0.0,0.0,0.0,0.0,0.0,0.0,0.0,0.0,0.0,0.0,0.0,0.0,0.0,0.0,0.0,0.0,0.0,0.0,0.0,0.0,0.0,0.0,0.0,0.0,0.0,0.0,0.0,0.0,0.0,0.0,0.0,0.0,0.0,0.0,0.0,0.0,0.0,0.0,0.0,0.0,0.0,0.0,0.0,0.0,0.0,0.0,0.0,0.0,0.0,0.0,0.0,0.0,0.0,0.0,0.0,0.0,0.0,0.0,0.0,0.0,0.0,0.0,0.0,0.0,0.0,0.0,0.0,0.0,0.0,0.0,0.0,0.0,0.0,0.0,0.0,0.0,0.0,0.0,0.0,0.0,0.0,0.0,0.0,0.0,0.0,0.0,0.0,0.0,0.0,0.0,0
UAB 18015,25.1748252,6.9930069999999995,8.3916084,20.2797203,2.0979021,0.0,4.895104900000001,11.8881119,4.1958042,0.6993007,1.3986014,0.0,0.6993007,0.0,0.0,0.0,0.6993007,0.0,0.6993007,0.0,0.0,0.6993007,5.5944056,0.0,0.0,1.3986014,0.0,0.0,2.0979021,0.0,0.6993007,0.0,0.0,0.0,0.0,0.0,0.0,0.0,0.0,0.6993007,0.0,0.0,0.6993007,0.0,0.0,0.0,0.0,0.0,0.0,0.0,0.0,0.0,0.0,0.0,0.0,0.0,0.0,0.0,0.0,0.0,0.0,0.0,0.0,0.0,0.0,0.0,0.0,0.0,0.0,0.0,0.0,0.0,0.0,0.0,0.0,0.0,0.0,0.0,0.0,0.0,0.0,0.0,0.0,0.0,0.0,0.0,0.0,0.0,0.0,0.0,0.0,0.0,0.0,0.0,0.0,0.0,0.0,0.0,0.0,0.0,0.0,0.0,0.0,0.0,0.0,0.0,0.0,0.0,0.0,0.0,0.0,0.0,0.0,0.0,0.0,0.0,0.0,0.0,0.0,0.0,0.0,0.0,0.0,0.0,0.0,0.0,0.0,0.0,0.0,0.0,0.0,0.0,0.0,0.0,0.0,0.0,0.0,0.0,0.0,0.0,0.0,0.0,0.0,0.0,0.0,0.0,0.0,0.0,0.0,0.0,0.0,0.0,0.0,0.0,0.0,0.0,0.0,0.0,0.0,0.0,0.0,0.0,0.0,0.0,0.0,0.0,0.0,0.0,0.0,0.0,0.0,0.0,0.0,0.0,0.0,0.0,0.0,0.0,0.0,0.0,0.0,0.0,0.0,0.0,0.0,0.0,0.0,0.0,0.0,0.0,0.0,0.0,0.0,0.0,0.0,0.0,0.0,0.0,0.0,0.0,0.0,0.0,0.0,0.0,0.0,0.0,0.0,0.0,0.0,0.0,0.0,0.0,0.0,0.0,0.0,0.0,0.0,0.0,0.0,0.0,0.0,0.0,0.0,0.0,0.0,0.0,0.0,0.0,0.0,0.0,0.0,0.0,0.0,0.0,0.0,0.0,0.0,0
UAB 18016,34.9809886,2.2813688,5.3231939,25.4752852,3.0418251,1.5209125000000001,3.4220531999999997,9.5057034,1.5209125000000001,0.7604563,1.5209125000000001,0.0,0.7604563,0.0,1.1406844,0.0,0.7604563,0.38022809999999996,1.1406844,0.0,0.38022809999999996,0.38022809999999996,3.4220531999999997,0.0,0.0,0.38022809999999996,0.0,0.0,0.0,0.38022809999999996,0.38022809999999996,0.0,0.0,0.0,0.0,0.0,0.38022809999999996,0.0,0.0,0.0,0.0,0.0,0.38022809999999996,0.0,0.0,0.0,0.0,0.0,0.0,0.0,0.0,0.38022809999999996,0.0,0.0,0.0,0.0,0.0,0.0,0.0,0.0,0.0,0.0,0.0,0.0,0.0,0.0,0.0,0.0,0.0,0.0,0.0,0.0,0.0,0.0,0.0,0.0,0.0,0.0,0.0,0.0,0.0,0.0,0.0,0.0,0.0,0.0,0.0,0.0,0.0,0.0,0.0,0.0,0.0,0.0,0.0,0.0,0.0,0.0,0.0,0.0,0.0,0.0,0.0,0.0,0.0,0.0,0.0,0.0,0.0,0.0,0.0,0.0,0.0,0.0,0.0,0.0,0.0,0.0,0.0,0.0,0.0,0.0,0.0,0.0,0.0,0.0,0.0,0.0,0.0,0.0,0.0,0.0,0.0,0.0,0.0,0.0,0.0,0.0,0.0,0.0,0.0,0.0,0.0,0.0,0.0,0.0,0.0,0.0,0.0,0.0,0.0,0.0,0.0,0.0,0.0,0.0,0.0,0.0,0.0,0.0,0.0,0.0,0.0,0.0,0.0,0.0,0.0,0.0,0.0,0.0,0.0,0.0,0.0,0.0,0.0,0.0,0.0,0.0,0.0,0.0,0.0,0.0,0.0,0.0,0.0,0.0,0.0,0.0,0.0,0.0,0.0,0.0,0.0,0.0,0.0,0.0,0.0,0.0,0.0,0.0,0.0,0.0,0.0,0.0,0.0,0.0,0.0,0.0,0.0,0.0,0.0,0.0,0.0,0.0,0.0,0.0,0.0,0.0,0.0,0.0,0.0,0.0,0.0,0.0,0.0,0.0,0.0,0.0,0.0,0.0,0.0,0.0,0.0,0.0,0.0,0.0,0.0,0
UAB 18017,0.0074406,20.6054143,0.0,0.0,0.0062005,7.8497997,0.0012401,37.2995697,10.222101,8.395441400000001,0.0,0.0,0.0,0.0,0.0012401,0.0,0.0,0.0,0.0037203,0.0,0.0,0.0,12.0313992,0.0,0.0,0.0,0.0,0.0,2.9204231000000003,0.0,0.0,0.0012401,0.13269009999999998,0.0235618,0.0,0.0,0.0,0.0,0.0,0.3075435,0.0,0.0,0.0,0.0,0.0,0.0,0.0,0.0,0.0,0.0,0.0,0.0,0.0,0.0037203,0.0,0.0,0.0,0.0,0.0,0.0,0.0,0.0012401,0.040923100000000004,0.0,0.0,0.0,0.034722699999999995,0.0,0.0,0.0,0.0,0.0,0.0322425,0.012400900000000001,0.021081600000000002,0.0,0.0,0.0,0.0,0.0,0.0,0.0,0.0,0.0,0.0,0.0,0.0,0.0,0.0,0.0,0.0,0.0,0.0,0.0,0.0,0.0,0.0,0.0,0.0,0.0,0.0,0.0,0.0,0.0,0.0,0.0111609,0.0,0.0,0.0,0.0037203,0.0,0.0,0.0,0.0,0.0012401,0.0024802,0.0,0.0062005,0.0,0.0,0.0,0.0,0.0,0.0074406,0.0,0.0,0.0,0.0,0.0,0.0,0.0,0.0,0.0,0.0,0.0,0.0074406,0.0,0.0,0.0,0.0,0.0,0.0012401,0.0,0.0,0.0,0.0,0.0,0.0,0.0012401,0.0,0.0,0.0,0.0,0.0,0.0,0.0,0.0,0.0,0.0,0.0,0.0,0.0,0.0,0.0,0.0,0.0,0.0,0.0,0.0,0.0,0.0,0.0,0.0,0.0,0.0,0.0,0.0,0.0,0.0,0.0,0.0,0.0,0.0,0.0,0.0,0.0,0.0,0.0,0.0,0.0,0.0,0.0,0.0,0.0,0.0,0.0,0.0,0.0,0.0,0.0012401,0.0012401,0.0,0.0,0.0,0.0,0.0,0.0,0.0,0.0,0.0,0.0,0.0,0.0,0.0,0.0,0.0,0.0,0.0,0.0,0.0,0.0,0.0,0.0,0.0,0.0,0.0,0.0,0.0,0.0,0.0,0.0,0.0,0.0,0.0,0.0,0.0,0.0,0
UAB 18018,28.0487805,7.3170732,6.097561,19.5121951,2.4390243999999996,0.0,2.4390243999999996,13.4146341,2.4390243999999996,1.2195121999999998,1.2195121999999998,0.0,2.4390243999999996,0.0,1.2195121999999998,0.0,1.2195121999999998,0.0,0.0,0.0,3.6585366,1.2195121999999998,4.878048799999999,0.0,0.0,0.0,0.0,0.0,0.0,0.0,0.0,0.0,0.0,0.0,0.0,0.0,0.0,0.0,0.0,0.0,0.0,0.0,0.0,0.0,1.2195121999999998,0.0,0.0,0.0,0.0,0.0,0.0,0.0,0.0,0.0,0.0,0.0,0.0,0.0,0.0,0.0,0.0,0.0,0.0,0.0,0.0,0.0,0.0,0.0,0.0,0.0,0.0,0.0,0.0,0.0,0.0,0.0,0.0,0.0,0.0,0.0,0.0,0.0,0.0,0.0,0.0,0.0,0.0,0.0,0.0,0.0,0.0,0.0,0.0,0.0,0.0,0.0,0.0,0.0,0.0,0.0,0.0,0.0,0.0,0.0,0.0,0.0,0.0,0.0,0.0,0.0,0.0,0.0,0.0,0.0,0.0,0.0,0.0,0.0,0.0,0.0,0.0,0.0,0.0,0.0,0.0,0.0,0.0,0.0,0.0,0.0,0.0,0.0,0.0,0.0,0.0,0.0,0.0,0.0,0.0,0.0,0.0,0.0,0.0,0.0,0.0,0.0,0.0,0.0,0.0,0.0,0.0,0.0,0.0,0.0,0.0,0.0,0.0,0.0,0.0,0.0,0.0,0.0,0.0,0.0,0.0,0.0,0.0,0.0,0.0,0.0,0.0,0.0,0.0,0.0,0.0,0.0,0.0,0.0,0.0,0.0,0.0,0.0,0.0,0.0,0.0,0.0,0.0,0.0,0.0,0.0,0.0,0.0,0.0,0.0,0.0,0.0,0.0,0.0,0.0,0.0,0.0,0.0,0.0,0.0,0.0,0.0,0.0,0.0,0.0,0.0,0.0,0.0,0.0,0.0,0.0,0.0,0.0,0.0,0.0,0.0,0.0,0.0,0.0,0.0,0.0,0.0,0.0,0.0,0.0,0.0,0.0,0.0,0.0,0.0,0.0,0.0,0.0,0
UAB 18019,75.3373645,0.2962225,12.256086700000001,0.0206886,0.0103443,0.0,0.3272553,0.0037616,0.0037616,0.0009404,0.9789447,3.5480868,2.6029961,0.0,0.0,0.0,1.8290561,0.0,0.0,0.0,0.0,2.1168151,0.0018808,0.0,0.0037616,0.0,0.0,0.0009404,0.0,0.0,0.0,0.6545106,0.0,0.0,0.0,0.0,0.0,0.0,0.0,0.0,0.0,0.0,0.0,0.0,0.0,0.0,0.0,0.0,0.0,0.0,0.0,0.0,0.0,0.0,0.0,0.0,0.0,0.0,0.0,0.0,0.0,0.0,0.0,0.0,0.0,0.0,0.0,0.0,0.0,0.0,0.0,0.0009404,0.0,0.0,0.0,0.0,0.0,0.0,0.0,0.0,0.0,0.0037616,0.0,0.0,0.0,0.0,0.0,0.0,0.0,0.0,0.0,0.0,0.0,0.0,0.0,0.0,0.0,0.0,0.0,0.0,0.0,0.0,0.0,0.0,0.0,0.0,0.0,0.0,0.0,0.0,0.0,0.0,0.0,0.0,0.0,0.0,0.0,0.0,0.0,0.0,0.0,0.0,0.0,0.0,0.0,0.0,0.0,0.0,0.0,0.0,0.0,0.0009404,0.0,0.0,0.0,0.0,0.0,0.0,0.0,0.0,0.0,0.0,0.0,0.0,0.0,0.0,0.0,0.0,0.0,0.0,0.0,0.0,0.0,0.0,0.0,0.0,0.0,0.0,0.0,0.0,0.0,0.0,0.0009404,0.0,0.0,0.0,0.0,0.0,0.0,0.0,0.0,0.0,0.0,0.0,0.0,0.0,0.0,0.0,0.0,0.0,0.0,0.0,0.0,0.0,0.0,0.0,0.0,0.0,0.0,0.0,0.0,0.0,0.0,0.0,0.0,0.0,0.0,0.0,0.0,0.0,0.0,0.0,0.0,0.0,0.0,0.0,0.0,0.0,0.0,0.0,0.0,0.0,0.0,0.0,0.0,0.0,0.0,0.0,0.0,0.0,0.0,0.0,0.0,0.0,0.0,0.0,0.0,0.0,0.0,0.0,0.0,0.0,0.0,0.0,0.0,0.0,0.0,0
UAB 18020,13.9121262,0.040546799999999994,16.9574045,58.9138944,0.1338349,0.0009146,7.0853251,0.0079264,0.012499399999999999,0.0009146,0.0128043,0.0015243,0.1134091,0.0,0.0097556,0.0079264,0.1691991,0.0015243,0.0027438000000000002,0.0009146,2.3096433999999997,0.0079264,0.0036584,0.0,0.0009146,0.0009146,0.073472,0.0167675,0.0009146,0.0,0.0,0.0030486,0.0,0.0006097,0.0,0.0,0.0121945,0.0,0.0,0.0,0.0027438000000000002,0.0,0.0003049,0.0,0.0018292,0.0033535,0.008841,0.0003049,0.0,0.0140237,0.0015243,0.0,0.0006097,0.0,0.0,0.0033535,0.0,0.0,0.0,0.0,0.0,0.0,0.0003049,0.0,0.0,0.0027438000000000002,0.0,0.027742499999999996,0.0,0.0,0.0594483,0.0,0.0,0.0,0.0,0.0,0.0,0.0,0.0,0.0,0.0,0.0,0.0003049,0.0,0.0,0.0,0.0,0.0,0.0286571,0.0,0.0,0.0,0.0003049,0.0,0.0015243,0.0,0.0,0.0,0.0,0.0,0.0,0.0006097,0.0,0.0128043,0.0,0.0,0.0,0.0,0.0,0.0,0.0,0.0,0.0,0.0,0.0,0.0,0.0,0.0,0.0,0.0,0.0012194999999999999,0.0003049,0.0,0.0,0.0,0.0,0.0,0.0003049,0.0,0.0,0.0,0.0,0.002134,0.0,0.0,0.0,0.0,0.0,0.0,0.0,0.0,0.0,0.0,0.0,0.0,0.0,0.0,0.0,0.0,0.0,0.0,0.0,0.0,0.0,0.0,0.0033535,0.0,0.0018292,0.0,0.0003049,0.0,0.0,0.0,0.0,0.0,0.0,0.0,0.0,0.0,0.0006097,0.0,0.0,0.0,0.0,0.0,0.0,0.0,0.0,0.0009146,0.0,0.0006097,0.0,0.0,0.0,0.0,0.0,0.0,0.0,0.0,0.0,0.0,0.0003049,0.0,0.0,0.0,0.0,0.0,0.0,0.0,0.0,0.0,0.0,0.0,0.0,0.0,0.0,0.0,0.0,0.0003049,0.0,0.0,0.0,0.0,0.0,0.0,0.0,0.0,0.0,0.0006097,0.0,0.0,0.0,0.0,0.0,0.0,0.0,0.0,0.0,0.0,0.0,0.0,0.0,0.0,0.0,0.0,0.0003049,0.0003049,0
UAB 18021,60.7090663,1.2615121999999999,0.0082722,0.2274858,0.0144764,0.0027574,0.0013787,0.0399824,0.7879281,0.0013787,4.4794022,0.0151657,9.6178239,0.0,6.6343131,0.0,0.0,1.9680968,0.0006894000000000001,2.0204875,0.0006894000000000001,6.8755859,0.0020681000000000002,0.8472123,0.131666,2.0735675,0.0,0.0,0.0006894000000000001,0.8168808,0.0,0.0,0.0020681000000000002,0.0,0.0,0.0,0.0027574,0.0006894000000000001,0.0,0.0089616,0.0,0.0,0.0,0.0,0.7431203,0.0020681000000000002,0.0,0.0,0.0034468000000000003,0.0,0.0,0.45083550000000006,0.0,0.0013787,0.0,0.0,0.0,0.0,0.011719,0.1488998,0.0,0.0,0.0,0.0,0.0055148,0.0,0.0,0.0013787,0.0013787,0.0,0.0,0.0179231,0.0,0.0,0.0,0.0,0.0013787,0.0,0.0068935,0.0,0.0,0.0089616,0.0,0.0,0.0,0.0013787,0.0041361,0.0,0.0006894000000000001,0.0020681000000000002,0.0,0.0110296,0.0020681000000000002,0.0,0.0,0.0,0.0,0.0034468000000000003,0.0,0.0013787,0.0,0.0,0.0,0.0,0.0006894000000000001,0.0,0.0,0.0,0.0,0.0,0.0,0.0006894000000000001,0.0,0.0,0.0,0.0,0.0027574,0.0,0.0006894000000000001,0.0,0.0,0.0,0.0,0.0,0.0,0.0,0.0,0.0,0.0,0.0006894000000000001,0.0,0.0013787,0.0006894000000000001,0.0013787,0.0,0.0,0.0,0.0,0.0006894000000000001,0.0,0.0,0.0,0.0,0.0,0.0,0.0013787,0.0006894000000000001,0.0,0.0,0.0,0.0,0.0,0.0,0.0,0.0,0.0,0.0,0.0,0.0,0.0,0.0,0.0,0.0,0.0,0.0,0.0,0.0,0.0,0.0,0.0,0.0,0.0013787,0.0,0.0,0.0,0.0,0.0,0.0,0.0,0.0,0.0,0.0,0.0,0.0,0.0,0.0,0.0,0.0,0.0013787,0.0,0.0,0.0,0.0,0.0,0.0,0.0,0.0,0.0,0.0,0.0,0.0,0.0,0.0,0.0,0.0,0.0,0.0006894000000000001,0.0,0.0006894000000000001,0.0,0.0,0.0,0.0,0.0,0.0,0.0,0.0,0.0,0.0,0.0,0.0,0.0,0.0,0.0,0.0,0.0,0.0,0.0,0.0,0.0,0.0,0.0,0.0,0.0,0.0,0.0,0.0,0
CON 01,46.8468174,0.3412786,5.9936505,29.2005987,4.6654309,0.0068434,5.1584551,0.0127942,0.007736000000000001,0.0008926,1.3314926,0.1446046,0.1490677,0.0,0.0541523,0.0,2.0000655,0.1431169,1.0485318000000001,0.2475535,0.9577820000000001,0.0386802,0.0008926,0.011009,0.00029749999999999997,0.0169598,0.0,0.0,0.0208278,0.0235057,1.1583241,0.00029749999999999997,0.0005951,0.0020828,0.0,0.0,0.0014877,0.0,0.0,0.0053557000000000006,0.0,0.0,0.2805804,0.0,0.0,0.0,0.0,0.00029749999999999997,0.0011902,0.0,0.1166358,0.00029749999999999997,0.0,0.0,0.0,0.0,0.0,0.00029749999999999997,0.0,0.0,0.0,0.0,0.0,0.0,0.0,0.0,0.0,0.0,0.0,0.0,0.00029749999999999997,0.0014877,0.0,0.0,0.0,0.0,0.0,0.0,0.0,0.0,0.0,0.004760599999999999,0.0,0.0,0.00029749999999999997,0.0,0.0,0.0,0.0,0.00029749999999999997,0.00029749999999999997,0.0,0.00029749999999999997,0.0,0.0,0.0,0.0,0.00029749999999999997,0.0,0.0,0.0,0.0005951,0.0,0.0,0.00029749999999999997,0.0,0.0,0.0,0.0,0.0,0.0,0.0,0.0,0.0,0.0,0.0,0.0,0.00029749999999999997,0.0,0.0,0.0,0.0,0.0,0.0,0.0,0.0,0.0,0.0,0.0,0.0,0.0,0.0,0.0,0.0,0.0,0.0,0.0,0.0,0.0,0.0,0.0,0.0,0.0,0.0,0.0,0.0,0.0,0.0,0.0,0.0,0.0,0.0,0.0,0.0,0.0,0.0,0.0,0.0,0.0,0.0,0.0,0.0,0.0,0.0,0.0,0.0,0.0,0.0,0.0,0.0,0.0,0.0,0.0,0.00029749999999999997,0.0,0.0,0.0,0.0,0.0,0.0,0.0,0.0,0.0,0.0,0.0,0.0,0.0,0.0,0.0,0.0,0.0,0.0,0.0,0.0,0.0,0.0,0.0,0.0,0.0,0.0,0.0,0.0,0.0,0.0,0.0,0.0,0.0,0.0,0.0,0.0,0.0,0.0,0.0,0.0,0.0,0.0,0.0,0.0,0.0,0.0,0.0,0.0,0.0,0.0,0.0,0.0,0.0,0.0,0.0,0.0,0.0,0.0,0.0,0.0,0.0,0.0,0.0,1
CON 02,78.8060411,0.5968543,6.886347399999999,0.8965327000000001,1.8512494000000002,0.0106358,1.7123587999999998,0.0181434,0.0056307,0.0006256,0.2959246,0.0,1.6022473,0.0,0.0012513000000000001,0.0006256,2.5575896,0.0,4.052853499999999,0.0,0.35160600000000003,0.21521790000000002,0.0,0.0,0.0,0.0031282000000000003,0.0,0.0,0.0,0.0,0.0,0.009384499999999999,0.0006256,0.0012513000000000001,0.0,0.0,0.025651,0.0,0.0,0.011887,0.0,0.0,0.0,0.0,0.0,0.0006256,0.0,0.0,0.0,0.0,0.0,0.0,0.0,0.0,0.0,0.0619377,0.0,0.0,0.0,0.0,0.0,0.0,0.0,0.0,0.0012513000000000001,0.0,0.0,0.0,0.0,0.0,0.0012513000000000001,0.0006256,0.0,0.0,0.0,0.0,0.0,0.0,0.0018769,0.0,0.0,0.0012513000000000001,0.0,0.0,0.0,0.0,0.0,0.0031282000000000003,0.0,0.0,0.0,0.0,0.0,0.0,0.0,0.0,0.0,0.0,0.0,0.0,0.0,0.0,0.0,0.0,0.0,0.0,0.0018769,0.0,0.0,0.0,0.0,0.0,0.0,0.0,0.0,0.0,0.0,0.0,0.0,0.0,0.006881999999999999,0.0,0.0,0.0,0.0,0.0,0.0,0.0,0.0,0.0,0.0,0.0,0.0,0.0,0.0,0.0,0.0,0.0,0.0,0.0,0.0,0.0,0.0,0.0,0.0043794,0.0,0.0,0.0,0.0,0.0,0.0,0.0,0.0,0.0,0.0,0.0,0.0,0.0,0.0,0.0,0.0,0.0,0.0,0.0,0.0,0.0,0.0,0.0,0.0,0.0,0.0,0.0,0.0006256,0.0,0.0,0.0,0.0,0.0,0.0,0.0,0.0,0.0,0.0,0.0,0.0,0.0,0.0,0.0,0.0,0.0,0.0,0.0,0.0006256,0.0,0.0,0.0,0.0,0.0,0.0,0.0,0.0,0.0,0.0,0.0,0.0,0.0,0.0,0.0,0.0,0.0,0.0,0.0,0.0,0.0,0.0,0.0,0.0,0.0,0.0,0.0,0.0,0.0,0.0,0.0,0.0,0.0,0.0,0.0,0.0,0.0,0.0,0.0,0.0,0.0,0.0,0.0,0.0,1
CON 03,42.8143425,29.1972411,0.0020027,0.0004005,0.0008011,0.5202993,3.5459658,0.5287105999999999,0.0108145,0.0004005,0.1490003,7.8129005000000005,0.0008011,0.0,0.3937292,0.0020027,1.3946744,0.0,1.4551557,0.0,0.0008011,0.0076102,0.0048065,0.0,2.7076390999999997,0.0012016,0.0,0.0,0.0008011,9.0958248,0.0,0.0,0.0132178,0.0016022,0.0,0.0,0.0,0.0,0.3032075,0.0184248,0.0,0.0,0.0,0.0,0.0,0.0,0.0,0.0004005,0.0,0.0,0.0,0.0004005,0.0,0.0,0.0,0.0,0.0,0.0,0.0004005,0.0,0.0,0.0,0.0,0.0,0.0,0.0,0.0,0.0036047999999999996,0.0004005,0.0,0.0,0.0004005,0.0,0.0,0.0,0.0,0.0,0.0,0.0,0.0,0.0,0.0,0.0,0.0,0.0,0.0,0.0,0.0,0.0,0.0,0.0,0.0,0.0,0.0,0.0,0.0,0.0,0.0004005,0.0,0.0068092,0.0,0.0008011,0.0,0.0,0.0,0.0008011,0.0,0.0,0.0,0.0,0.0,0.0,0.0,0.0,0.0,0.0,0.0,0.0,0.0,0.0,0.0,0.0,0.0,0.0004005,0.0,0.0,0.0,0.0,0.0,0.0,0.0,0.0,0.0,0.0,0.0,0.0,0.0,0.0,0.0,0.0,0.0,0.0,0.0,0.0,0.0,0.0,0.0,0.0,0.0,0.0,0.0,0.0,0.0,0.0,0.0,0.0,0.0,0.0,0.0,0.0,0.0,0.0,0.0,0.0,0.0,0.0,0.0,0.0,0.0,0.0,0.0,0.0,0.0,0.0,0.0,0.0,0.0,0.0,0.0,0.0,0.0,0.0,0.0,0.0,0.0,0.0,0.0,0.0,0.0,0.0004005,0.0,0.0,0.0,0.0,0.0,0.0,0.0,0.0,0.0,0.0,0.0,0.0,0.0,0.0,0.0,0.0,0.0,0.0,0.0,0.0,0.0,0.0,0.0,0.0,0.0,0.0,0.0,0.0,0.0,0.0,0.0,0.0,0.0,0.0,0.0,0.0,0.0,0.0,0.0,0.0,0.0,0.0,0.0,0.0,0.0004005,0.0,0.0,1
CON 04,80.5137845,0.22912670000000002,1.820114,3.9516684000000004,0.059585200000000005,0.0012286,3.4799007,0.0110571,0.0024571,0.0,0.7764509,0.0006143,0.42876800000000004,0.0,0.0,0.0006143,2.0308123,0.0,0.0178141,0.0786279,1.1781906,0.0,0.0006143,0.0,0.0012286,0.0036857,0.0116713,0.0,0.0,0.0012286,1.0700772,0.10811340000000001,0.026414100000000003,0.0079857,0.0006143,0.0,0.8317362,0.0,0.0098285,0.0043,2.1960539,0.5946238,0.0,0.0,0.0,0.0030713999999999997,0.1375989,0.0006143,0.0,0.0,0.0,0.0,0.0,0.012285599999999999,0.0,0.2672121,0.0,0.0,0.0,0.0006143,0.0,0.0,0.0,0.0006143,0.0024571,0.0,0.0,0.0006143,0.0,0.0,0.0,0.0049142,0.0,0.0,0.0,0.0,0.0,0.0,0.0055284999999999996,0.0,0.0,0.006757099999999999,0.0331712,0.0,0.0018428000000000001,0.0,0.012285599999999999,0.0110571,0.0,0.0,0.0092142,0.0024571,0.0,0.0,0.0,0.0,0.0,0.0036857,0.0,0.0,0.0,0.0,0.0147427,0.0,0.0012286,0.0,0.0,0.0,0.0,0.0,0.0,0.0006143,0.0,0.0,0.0,0.0,0.0,0.0,0.0036857,0.0,0.0006143,0.0,0.0,0.0,0.0,0.0012286,0.0,0.0,0.0,0.0,0.0,0.0,0.0,0.0,0.0,0.0,0.0,0.0,0.0,0.0,0.0,0.0,0.0,0.0,0.0006143,0.0,0.0,0.0,0.0,0.0,0.0,0.0,0.0030713999999999997,0.0,0.0,0.0,0.0,0.0,0.0,0.0,0.0,0.0,0.0,0.0,0.0,0.0,0.0036857,0.0,0.0006143,0.0,0.0,0.0,0.0,0.0,0.0,0.0,0.0,0.0,0.0012286,0.0006143,0.0,0.0,0.0,0.0,0.0,0.0,0.0,0.0,0.0,0.0,0.0,0.0,0.0006143,0.0,0.0,0.0,0.0,0.0,0.0,0.0,0.0,0.0006143,0.0,0.0006143,0.0,0.0,0.0,0.0,0.0,0.0,0.0,0.0,0.0,0.0,0.0,0.0,0.0006143,0.0006143,0.0,0.0,0.0,0.0,0.0,0.0,0.0,0.0,0.0,0.0,0.0,0.0,0.0,0.0,0.0,0.0,0.0,0.0,0.0,1
CON 05,26.0858066,61.2788433,0.0048089,0.001603,0.0,0.0264489,0.0,3.293286,0.0208385,0.0008015,5.0669637,0.001603,4.0627079,0.0,0.0,0.001603,0.0120222,0.0,0.0104193,0.0,0.0,0.0,0.0112207,0.0,0.0,0.0024043999999999997,0.0,0.0,0.0008015,0.0008015,0.0008015,0.0,0.0320592,0.0024043999999999997,0.0,0.0,0.0,0.0,0.0,0.0336622,0.0,0.0,0.0,0.0,0.0,0.0,0.0,0.0,0.0008015,0.0,0.0,0.0,0.0,0.0,0.0,0.0,0.0,0.0,0.0,0.0024043999999999997,0.0,0.0,0.0,0.0,0.0040074,0.0,0.0,0.0,0.0,0.0,0.0,0.0072133,0.0,0.0,0.0,0.0,0.0,0.0008015,0.0160296,0.0,0.0,0.0032059,0.0,0.0,0.0008015,0.0,0.0008015,0.0,0.0,0.0,0.0,0.0056104,0.0040074,0.0,0.0,0.0,0.0,0.0008015,0.0,0.0,0.0,0.0,0.0,0.0,0.0,0.0008015,0.0,0.0,0.0,0.0,0.0,0.0,0.0,0.0,0.0,0.0,0.0,0.0,0.0,0.0,0.0,0.0,0.0,0.0,0.0,0.0,0.0,0.0,0.0,0.0,0.0,0.0,0.0,0.0,0.0,0.0,0.0,0.0,0.0,0.0,0.0,0.0,0.0,0.0,0.0,0.0,0.0,0.0,0.0,0.0,0.0,0.0,0.0,0.0,0.0,0.0,0.0,0.0,0.0,0.0,0.0,0.0,0.0,0.0,0.0,0.0,0.0,0.0,0.0,0.0,0.0,0.0,0.0008015,0.0,0.0,0.0,0.0,0.0,0.0,0.0,0.0,0.0,0.0,0.0,0.0,0.0,0.0,0.0,0.0,0.0,0.0,0.0,0.0,0.0,0.0,0.0,0.0,0.0,0.0,0.0,0.0,0.0,0.0,0.0,0.0,0.0,0.0,0.0,0.0,0.0,0.0,0.0,0.0,0.0,0.0,0.0,0.0,0.0,0.0,0.0,0.0,0.0,0.0,0.0,0.0,0.0,0.0,0.0,0.0,0.0,0.0,0.0,0.0,0.0,0.0,0.0,0.0,1
CON 06,87.16912909999999,11.95514,0.0056499,0.0112998,0.0084748,0.0112998,0.0028249,0.2457697,0.0056499,0.0028249,0.0,0.0028249,0.0028249,0.0,0.0,0.0028249,0.0028249,0.1468968,0.0056499,0.0028249,0.0,0.0,0.0028249,0.0,0.0028249,0.0,0.0,0.0,0.0028249,0.0028249,0.0,0.0,0.0,0.0,0.0,0.0,0.0,0.3870166,0.0,0.0056499,0.0028249,0.0,0.0,0.0,0.0,0.0,0.0,0.0,0.0,0.0,0.0,0.0,0.0,0.0,0.0,0.0,0.0,0.0,0.0,0.0,0.0,0.0,0.0,0.0,0.0,0.0,0.0,0.0,0.0028249,0.0,0.0,0.0,0.0,0.0,0.0,0.0,0.0,0.0,0.0,0.0,0.0,0.0,0.0,0.0,0.0,0.0,0.0,0.0,0.0,0.0028249,0.0,0.0,0.0,0.0,0.0,0.0,0.0,0.0,0.0,0.0,0.0,0.0,0.0,0.0,0.0,0.0028249,0.0,0.0,0.0,0.0,0.0,0.0,0.0,0.0,0.0,0.0,0.0,0.0,0.0,0.0,0.0,0.0,0.0,0.0,0.0,0.0,0.0,0.0,0.0,0.0,0.0,0.0,0.0,0.0,0.0,0.0,0.0,0.0,0.0,0.0,0.0,0.0,0.0,0.0,0.0,0.0,0.0,0.0,0.0,0.0,0.0,0.0,0.0,0.0,0.0,0.0,0.0,0.0,0.0,0.0,0.0,0.0,0.0,0.0,0.0,0.0,0.0,0.0,0.0,0.0,0.0,0.0,0.0,0.0,0.0,0.0,0.0,0.0,0.0,0.0,0.0,0.0,0.0,0.0,0.0,0.0,0.0,0.0,0.0,0.0,0.0,0.0,0.0,0.0,0.0,0.0,0.0,0.0,0.0,0.0,0.0,0.0,0.0,0.0,0.0,0.0,0.0,0.0,0.0,0.0,0.0,0.0,0.0,0.0,0.0,0.0,0.0,0.0,0.0,0.0,0.0,0.0,0.0,0.0,0.0,0.0,0.0,0.0,0.0,0.0,0.0,0.0,0.0,0.0,0.0,0.0,0.0,1
CON 07,3.8921064999999997,16.1189915,0.000867,0.0,0.000867,0.0078033,0.0026011,0.5054796,0.0104044,0.0208088,0.0052022,0.6641465,0.000867,0.0,0.0190747,73.5693972,0.0,0.000867,0.0026011,0.9086495,0.0,0.47686760000000006,0.0026011,0.3632864,1.3412985,0.0,0.000867,0.0,0.000867,0.0962405,0.000867,0.0,0.0060692,0.000867,0.0,0.0,0.0,0.0026011,0.8488243,0.0069363,0.5783103,0.0,0.0,0.0,0.0,0.0,0.0,0.0,0.0,0.0,0.000867,0.0017341,0.3121315,0.0,0.0,0.0,0.0,0.0407505,0.000867,0.0,0.0,0.0,0.0078033,0.0,0.0,0.0,0.0121384,0.1031768,0.0,0.0,0.0,0.0,0.027745,0.0060692,0.0060692,0.0,0.0,0.0,0.0043352,0.0,0.0,0.0,0.0,0.0,0.0,0.0,0.0,0.0,0.0,0.0026011,0.0,0.0,0.0,0.0,0.0,0.0,0.0,0.0,0.0,0.0,0.0,0.0,0.0,0.0,0.0,0.0017341,0.0,0.0,0.0,0.0,0.0,0.0,0.0,0.0,0.0,0.0,0.0,0.0026011,0.0,0.0,0.0,0.0078033,0.0,0.0,0.0,0.0,0.0,0.0,0.0,0.0,0.0,0.0,0.0,0.0,0.0,0.0,0.0,0.0,0.0,0.0,0.0,0.000867,0.0,0.0,0.0,0.0,0.0,0.0,0.0,0.0,0.0,0.0,0.0,0.0,0.0,0.0,0.0,0.0,0.0,0.0,0.0,0.0,0.0,0.000867,0.0,0.0,0.0,0.0,0.0,0.0,0.0,0.0,0.0,0.0,0.0,0.0,0.0,0.0,0.0,0.0,0.0,0.0,0.0,0.0,0.0,0.000867,0.0,0.0,0.0,0.0,0.0,0.0,0.0,0.0,0.0,0.0,0.0,0.0,0.0,0.0,0.0,0.0,0.0,0.0,0.0,0.0,0.0,0.0,0.0,0.0,0.0,0.000867,0.000867,0.0,0.0,0.0,0.0,0.0,0.0,0.0,0.0,0.0,0.0,0.0,0.0,0.0,0.0,0.0,0.0,0.0,0.0,0.0,0.0,0.0,0.0,0.0,0.0,1
CON 08,30.6818182,10.227272699999999,4.5454545,27.2727273,1.1363636,1.1363636,3.4090909000000003,9.0909091,3.4090909000000003,1.1363636,0.0,0.0,0.0,0.0,0.0,0.0,0.0,1.1363636,0.0,0.0,0.0,1.1363636,2.2727273,0.0,0.0,1.1363636,0.0,0.0,0.0,1.1363636,0.0,0.0,0.0,0.0,0.0,0.0,0.0,0.0,0.0,0.0,0.0,0.0,0.0,0.0,0.0,0.0,0.0,0.0,0.0,1.1363636,0.0,0.0,0.0,0.0,0.0,0.0,0.0,0.0,0.0,0.0,0.0,0.0,0.0,0.0,0.0,0.0,0.0,0.0,0.0,0.0,0.0,0.0,0.0,0.0,0.0,0.0,0.0,0.0,0.0,0.0,0.0,0.0,0.0,0.0,0.0,0.0,0.0,0.0,0.0,0.0,0.0,0.0,0.0,0.0,0.0,0.0,0.0,0.0,0.0,0.0,0.0,0.0,0.0,0.0,0.0,0.0,0.0,0.0,0.0,0.0,0.0,0.0,0.0,0.0,0.0,0.0,0.0,0.0,0.0,0.0,0.0,0.0,0.0,0.0,0.0,0.0,0.0,0.0,0.0,0.0,0.0,0.0,0.0,0.0,0.0,0.0,0.0,0.0,0.0,0.0,0.0,0.0,0.0,0.0,0.0,0.0,0.0,0.0,0.0,0.0,0.0,0.0,0.0,0.0,0.0,0.0,0.0,0.0,0.0,0.0,0.0,0.0,0.0,0.0,0.0,0.0,0.0,0.0,0.0,0.0,0.0,0.0,0.0,0.0,0.0,0.0,0.0,0.0,0.0,0.0,0.0,0.0,0.0,0.0,0.0,0.0,0.0,0.0,0.0,0.0,0.0,0.0,0.0,0.0,0.0,0.0,0.0,0.0,0.0,0.0,0.0,0.0,0.0,0.0,0.0,0.0,0.0,0.0,0.0,0.0,0.0,0.0,0.0,0.0,0.0,0.0,0.0,0.0,0.0,0.0,0.0,0.0,0.0,0.0,0.0,0.0,0.0,0.0,0.0,0.0,0.0,0.0,0.0,0.0,0.0,0.0,0.0,1
CON 09,5.0809658,42.9554931,0.014544699999999999,0.0096965,17.6136915,0.0242412,0.0,0.7902647,0.0242412,0.0,3.3549888,5.202172,0.1260545,0.0,0.0,0.0096965,0.0048482,0.0,0.0096965,22.326190200000003,0.0096965,0.019393,0.019393,0.0,0.0096965,0.1648405,0.0,0.0,0.0,0.0048482,0.0,0.0,0.038786,0.0048482,0.0,0.0,0.0,0.0,0.8484436999999999,0.0242412,0.0,0.0,0.0,0.0,0.0,0.0,0.0,0.0,1.1587317,0.0,0.0,0.0096965,0.0,0.0,0.0,0.0,0.0,0.0048482,0.0,0.0096965,0.0,0.0,0.0,0.0,0.0048482,0.0,0.0,0.0,0.0,0.0,0.0,0.0,0.0,0.0,0.0,0.0,0.0,0.0,0.0,0.0,0.10666149999999999,0.0,0.0,0.0,0.0,0.0,0.0,0.0,0.0,0.0,0.0,0.0048482,0.0048482,0.0,0.0,0.0,0.0,0.0,0.0,0.0,0.0,0.0,0.0,0.0,0.0,0.0,0.0,0.0,0.0,0.0,0.0,0.0,0.0,0.0,0.0,0.0,0.0,0.0,0.0,0.0,0.0,0.0,0.0,0.0,0.0,0.0,0.0,0.0,0.0,0.0,0.0,0.0,0.0,0.0048482,0.0,0.0,0.0,0.0,0.0,0.0,0.0,0.0,0.0,0.0,0.0,0.0,0.0,0.0,0.0,0.0,0.0,0.0,0.0,0.0,0.0,0.0,0.0,0.0,0.0,0.0,0.0,0.0,0.0,0.0,0.0,0.0,0.0,0.0,0.0,0.0,0.0,0.0,0.0,0.0,0.0,0.0,0.0,0.0,0.0,0.0,0.0,0.0,0.0,0.0,0.0,0.0,0.0,0.0,0.0,0.0,0.0,0.0,0.0,0.0,0.0,0.0,0.0,0.0,0.0,0.0,0.0,0.0,0.0,0.0,0.0,0.0,0.0,0.0,0.0,0.0,0.0,0.0,0.0,0.0,0.0,0.0,0.0,0.0,0.0,0.0,0.0,0.0,0.0,0.0,0.0,0.0,0.0,0.0,0.0,0.0,0.0,0.0,0.0,0.0,0.0,0.0,0.0,1
CON 10,48.3506474,0.1279819,18.9061581,13.6940656,1.9128109,0.0092239,7.7890258,0.0161419,0.0063414,0.0005765,0.4404423,0.058226,0.5793775999999999,0.0,0.0121064,0.001153,3.2664215000000003,0.0,3.5316092,0.0,0.9817712,0.0,0.0,0.0086474,0.0005765,0.003459,0.031130699999999997,0.0968512,0.0,0.001153,0.0,0.0051885,0.0005765,0.003459,0.0,0.0,0.0028825,0.0,0.002306,0.016718399999999998,0.0005765,0.0,0.0,0.0,0.0,0.001153,0.004612,0.0028825,0.0,0.0051885,0.001153,0.0,0.0,0.0005765,0.0,0.0,0.0,0.0,0.0,0.001153,0.0005765,0.0,0.0,0.0,0.0005765,0.0,0.0,0.012682899999999999,0.0,0.0,0.0709089,0.002306,0.0,0.0,0.0,0.0,0.0,0.0,0.0005765,0.0,0.0,0.0,0.0,0.0,0.0005765,0.0,0.0,0.0,0.016718399999999998,0.0,0.0,0.0005765,0.001153,0.0,0.0005765,0.0,0.0,0.0,0.0,0.0,0.0,0.001153,0.0,0.007494400000000001,0.0,0.0,0.0005765,0.0,0.0,0.0,0.0,0.0,0.0,0.0,0.0,0.0,0.0,0.0,0.0,0.0,0.003459,0.0,0.0,0.0,0.0,0.0,0.0,0.0,0.0,0.0,0.0,0.0,0.001153,0.0,0.0,0.0,0.0,0.0,0.0,0.0,0.0,0.0,0.0,0.0,0.001153,0.0,0.0,0.0,0.0,0.0,0.0005765,0.0,0.0,0.0,0.0,0.0005765,0.0,0.0017295,0.0,0.0,0.0,0.0,0.0,0.0,0.0005765,0.0,0.0,0.0,0.0,0.0,0.0,0.0,0.0,0.0,0.0,0.0,0.0,0.0,0.0,0.0,0.0,0.0,0.0,0.0,0.0,0.0,0.0,0.0,0.0,0.0,0.0,0.0,0.0,0.0,0.0,0.0,0.0,0.0,0.0,0.0,0.0,0.0,0.0,0.0,0.0,0.0,0.0,0.0,0.0,0.0,0.0,0.0,0.0,0.0,0.0,0.0,0.0,0.0,0.0,0.0,0.0,0.0,0.0,0.0,0.0,0.0,0.0,0.0,0.0,0.0,0.0,0.0,0.0,0.0,0.0,0.0,0.0,1
CON 11,40.5209057,1.9731907,5.385470199999999,8.091401600000001,17.5441033,0.0131963,9.1221003,0.033338,0.0152799,0.0,12.119044299999999,0.0,0.6285594999999999,0.0,0.0,0.0180581,0.5021531,0.0,0.0006945,0.0083345,0.0,0.0,0.0013890999999999999,0.0006945,0.0,0.0,0.0,1.8391443,0.0,0.0,1.6481455999999999,0.0,0.0006945,0.0034727,0.0,0.25836919999999997,0.0013890999999999999,0.0,0.0,0.0069454,0.0,0.0,0.0,0.0,0.0,0.0,0.0013890999999999999,0.0,0.0,0.0,0.0,0.0,0.0,0.0,0.0,0.0,0.0,0.1896097,0.0,0.0,0.0,0.0,0.0,0.0,0.0048618,0.0,0.0,0.0,0.0,0.0,0.0409779,0.0069454,0.0,0.0,0.0,0.0,0.0,0.0,0.0013890999999999999,0.0,0.0,0.0006945,0.0,0.0,0.0,0.0,0.0,0.0,0.0,0.0,0.0,0.0034727,0.0013890999999999999,0.0,0.0,0.0,0.0,0.0006945,0.0,0.0,0.0,0.006250899999999999,0.0,0.0,0.0027781999999999998,0.0,0.0,0.0,0.0,0.0,0.0,0.0,0.0,0.0,0.0,0.0,0.0,0.0,0.0,0.0,0.0,0.0,0.0,0.0,0.0,0.0,0.0,0.0,0.0,0.0006945,0.0,0.0013890999999999999,0.0,0.0,0.0,0.0,0.0,0.0,0.0,0.0,0.0,0.0,0.0,0.0,0.0,0.0,0.0,0.0,0.0,0.0,0.0,0.0,0.0,0.0,0.0006945,0.0,0.0,0.0,0.0,0.0,0.0,0.0,0.0,0.0,0.0,0.0,0.0,0.0,0.0,0.0,0.0,0.0,0.0,0.0,0.0,0.0,0.0,0.0,0.0,0.0,0.0,0.0,0.0,0.0,0.0,0.0,0.0,0.0,0.0,0.0,0.0,0.0,0.0,0.0,0.0,0.0,0.0,0.0,0.0,0.0,0.0,0.0,0.0,0.0,0.0,0.0006945,0.0,0.0,0.0,0.0,0.0,0.0,0.0,0.0,0.0,0.0,0.0,0.0,0.0,0.0,0.0,0.0,0.0,0.0,0.0,0.0,0.0,0.0,0.0,0.0,0.0,0.0,0.0,0.0,0.0,0.0,0.0,1
CON 12,0.0355492,21.298094,0.006836399999999999,0.0013673,8.3786814,0.16680799999999998,0.0013673,0.5633187,50.172277099999995,0.0,0.1900517,0.7219228999999999,6.0173918,0.0,0.0,0.0,0.0,9.4150783,0.0013673,0.0109382,0.0,0.0013673,0.049222,0.0,2.3544532,0.0013673,0.0,0.0013673,0.0,0.0,0.0,0.0,0.0505893,0.0,0.0,0.0,0.0,0.0027346,0.0,0.5154639,0.0,0.0,0.0,0.0,0.0109382,0.0,0.0,0.0,0.0013673,0.0,0.0,0.0041018,0.0,0.0,0.0,0.0,0.0,0.0,0.0,0.0,0.0,0.0,0.0,0.0,0.0013673,0.0,0.0,0.0,0.0,0.0,0.0,0.0109382,0.0,0.0,0.0,0.0,0.0027346,0.0,0.0,0.0,0.0,0.0027346,0.0,0.0,0.0,0.0013673,0.0,0.0,0.0,0.0,0.0,0.0,0.0,0.0,0.0,0.0013673,0.0,0.0013673,0.0,0.0013673,0.0,0.0,0.0,0.0,0.0,0.0013673,0.0,0.0,0.0,0.0,0.0,0.0,0.0,0.0,0.0,0.0,0.0,0.0,0.0,0.0,0.0,0.0,0.0,0.0,0.0,0.0,0.0,0.0,0.0,0.0,0.0,0.0,0.0,0.0,0.0,0.0,0.0,0.0,0.0,0.0,0.0013673,0.0,0.0,0.0,0.0,0.0,0.0,0.0,0.0,0.0,0.0,0.0,0.0,0.0,0.0,0.0,0.0,0.0,0.0,0.0,0.0,0.0,0.0,0.0,0.0,0.0,0.0,0.0,0.0,0.0,0.0,0.0,0.0,0.0,0.0,0.0,0.0,0.0,0.0,0.0,0.0,0.0,0.0,0.0,0.0,0.0,0.0,0.0,0.0,0.0,0.0,0.0,0.0,0.0,0.0,0.0,0.0,0.0,0.0,0.0,0.0,0.0,0.0,0.0,0.0,0.0,0.0,0.0,0.0,0.0,0.0,0.0,0.0,0.0,0.0,0.0,0.0,0.0,0.0,0.0,0.0,0.0,0.0,0.0,0.0,0.0,0.0,0.0,0.0,0.0,0.0,0.0,0.0,0.0,0.0,0.0,0.0,1
CON 13,54.578792799999995,18.124633000000003,0.3236542,0.1683524,0.5285481,0.0078303,0.0,0.33017939999999996,0.0117455,0.0013051,2.1807504,0.0,0.0352365,0.0013051,0.0,0.0,0.5611746,12.6877651,0.2466558,5.2867863,0.0,0.0,0.0078303,0.0,0.0,0.0,0.0,0.0,0.0,0.0,0.0,0.0,0.0052201999999999995,0.0,0.0,0.0,0.0,4.5337684000000005,0.0,0.0078303,0.0,0.0,0.0,0.0,0.0,0.0,0.0,0.0,0.0,0.0,0.0,0.0026100999999999997,0.3562806,0.0,0.0,0.0,0.0,0.0013051,0.0,0.0,0.0,0.0,0.0,0.0,0.0,0.0,0.0,0.0,0.0,0.0,0.0,0.0,0.0,0.0,0.0,0.0,0.0,0.0,0.0,0.0,0.0,0.0,0.0,0.0,0.0,0.0039152,0.0,0.0,0.0,0.0,0.0,0.0,0.0,0.0,0.0,0.0,0.0,0.0,0.0,0.0039152,0.0,0.0,0.0,0.0,0.0,0.0013051,0.0,0.0,0.0,0.0,0.0,0.0,0.0,0.0,0.0,0.0,0.0013051,0.0,0.0,0.0,0.0,0.0,0.0,0.0,0.0,0.0,0.0,0.0,0.0,0.0,0.0,0.0,0.0,0.0,0.0,0.0,0.0,0.0,0.0,0.0,0.0,0.0,0.0,0.0,0.0,0.0,0.0,0.0,0.0,0.0,0.0,0.0,0.0,0.0,0.0,0.0,0.0,0.0,0.0,0.0,0.0,0.0,0.0,0.0,0.0,0.0,0.0,0.0,0.0,0.0,0.0,0.0,0.0,0.0,0.0,0.0,0.0,0.0,0.0,0.0,0.0,0.0,0.0,0.0,0.0,0.0,0.0,0.0,0.0,0.0,0.0,0.0,0.0,0.0,0.0,0.0,0.0,0.0,0.0,0.0,0.0,0.0,0.0,0.0,0.0,0.0,0.0,0.0,0.0,0.0,0.0,0.0,0.0,0.0,0.0,0.0,0.0,0.0,0.0,0.0,0.0,0.0,0.0,0.0,0.0,0.0,0.0,0.0,0.0,0.0,0.0,0.0,0.0,0.0,0.0,0.0,0.0,1
CON 14,75.2077937,4.2065548,0.0011263,0.0011263,0.3772947,0.0033788000000000004,0.0011263,0.0732064,0.0045049999999999995,0.0,14.5117693,0.0,0.8401847,0.0,0.0,0.0,1.812141,0.0045049999999999995,0.0011263,0.0,0.0,0.0,0.0,0.1554229,0.0,0.0,0.0,0.0022524999999999997,2.5351954,0.0,0.0011263,0.0,0.0022524999999999997,0.0,0.0,0.0067575000000000005,0.0,0.0,0.0,0.0045049999999999995,0.0,0.0,0.0,0.0,0.0,0.0,0.0,0.0,0.0,0.0,0.0,0.0,0.2252506,0.0,0.0,0.0,0.0,0.0,0.0,0.0,0.0,0.0,0.0,0.0,0.0,0.0,0.0,0.0,0.0,0.0,0.0,0.0056313000000000005,0.0,0.0,0.0,0.0,0.0,0.0,0.0011263,0.0,0.0,0.0022524999999999997,0.0,0.0,0.0011263,0.0011263,0.0,0.0,0.0,0.0,0.0,0.0,0.0,0.0,0.0,0.0,0.0,0.0,0.0,0.0,0.0,0.0,0.0,0.0,0.0045049999999999995,0.0,0.0,0.0,0.0,0.0011263,0.0,0.0,0.0,0.0,0.0,0.0,0.0,0.0,0.0,0.0,0.0,0.0,0.0,0.0022524999999999997,0.0,0.0,0.0,0.0,0.0,0.0,0.0,0.0,0.0,0.0,0.0,0.0,0.0,0.0,0.0,0.0,0.0,0.0,0.0,0.0,0.0,0.0,0.0,0.0,0.0022524999999999997,0.0,0.0,0.0,0.0,0.0,0.0,0.0,0.0,0.0,0.0,0.0,0.0,0.0,0.0,0.0,0.0,0.0,0.0,0.0,0.0,0.0,0.0,0.0,0.0,0.0,0.0,0.0,0.0,0.0,0.0,0.0,0.0,0.0,0.0,0.0,0.0,0.0,0.0,0.0,0.0,0.0,0.0,0.0,0.0,0.0,0.0,0.0,0.0,0.0,0.0,0.0,0.0,0.0,0.0,0.0,0.0,0.0,0.0,0.0,0.0,0.0,0.0,0.0,0.0,0.0,0.0,0.0,0.0,0.0,0.0,0.0,0.0,0.0,0.0,0.0,0.0,0.0,0.0,0.0,0.0,0.0,0.0,0.0,0.0,0.0,0.0,0.0,0.0,1
