Sample ID,Peptoniphilaceae,Campylobacteraceae,Streptococcaceae,Moraxellaceae,Staphylococcaceae,Prevotellaceae,Corynebacteriaceae,Peptostreptococcaceae,Lactobacillaceae,Veillonellaceae,Mycoplasmataceae,Oxalobacteraceae,Propionibacteriaceae,Fusobacteriaceae,Actinomycetaceae,Burkholderiaceae,Bradyrhizobiaceae,Rhodobacteraceae,Caulobacteraceae,Bacillaceae,Porphyromonadaceae,Sphingomonadaceae,Bifidobacteriaceae,Aerococcaceae,Clostridiaceae,Flavobacteriaceae,Neisseriaceae,Deinococcaceae,Paenibacillaceae,Bacteroidaceae,Micrococcaceae,Lachnospiraceae,Comamonadaceae,Enterobacteriaceae,Intrasporangiaceae,Thermoanaerobacteraceae,Pasteurellaceae,Promicromonosporaceae,Methylobacteriaceae,Listeriaceae,Erysipelotrichaceae,Hungateiclostridiaceae,Tissierellaceae,Steroidobacteraceae,Acidiferrobacteraceae,Erwiniaceae,Enterococcaceae,Spirochaetaceae,Sinobacteraceae,Alteromonadaceae,Thermoanaerobacterales.Family.III..Incertae.Sedis,Leptotrichiaceae,Atopobiaceae,Piscirickettsiaceae,Clostridiales.Family.XIII..Incertae.Sedis,Dermabacteraceae,Gottschalkiaceae,Phyllobacteriaceae,Muribaculaceae,Peptococcaceae,Sterolibacteriaceae,Selenomonadaceae,Rhizobiaceae,Ruminococcaceae,Rhodospirillaceae,Xanthomonadaceae,Marinilabiliaceae,Carnobacteriaceae,Brevibacteriaceae,Nocardiaceae,Helicobacteraceae,Alcaligenaceae,Dysgonamonadaceae,Microbacteriaceae,Deferribacteraceae,Planococcaceae,Syntrophomonadaceae,Thermoactinomycetaceae,Leuconostocaceae,Synergistaceae,Pseudomonadaceae,Hydrogenophilaceae,Sporomusaceae,Eubacteriaceae,Christensenellaceae,Pseudonocardiaceae,Shewanellaceae,Sutterellaceae,Streptomycetaceae,Tannerellaceae,Hyphomicrobiaceae,Thermoanaerobacterales.Family.IV..Incertae.Sedis,Eggerthellaceae,Vibrionaceae,Chromatiaceae,Merismopediaceae,Gemmatimonadaceae,Sphingobacteriaceae,Yersiniaceae,Symbiobacteriaceae,Anaplasmataceae,Aurantimonadaceae,Barnesiellaceae,Rhodanobacteraceae,Dietziaceae,Coxiellaceae,Isosphaeraceae,Flammeovirgaceae,Planctomycetaceae,Chitinophagaceae,Halobacteroidaceae,Dermacoccaceae,Hymenobacteraceae,Pelagibacteraceae,Acetobacteraceae,Idiomarinaceae,Alicyclobacillaceae,Mycobacteriaceae,Marinifilaceae,Desulfobacteraceae,Actinopolysporaceae,Clostridiales.Family.XVII..Incertae.Sedis,Morganellaceae,Rhodobiaceae,Acidobacteriaceae,Desulfovibrionaceae,Chelatococcaceae,Oscillospiraceae,Chrysiogenaceae,Pectobacteriaceae,Streptosporangiaceae,Xanthobacteraceae,Nocardioidaceae,Hyphomonadaceae,Odoribacteraceae,Cytophagaceae,Rubrobacteraceae,Rikenellaceae,Dictyoglomaceae,Rickettsiaceae,Erythrobacteraceae,Oscillatoriaceae,Chlorobiaceae,Brucellaceae,Brachyspiraceae,Coriobacteriaceae,Cohaesibacteraceae,Acidaminococcaceae,Sanguibacteraceae,Acholeplasmataceae,Kosmotogaceae,Ectothiorhodospiraceae,Micromonosporaceae,Vicinamibacteraceae,Psychromonadaceae,Cyclobacteriaceae,Bartonellaceae,Gallionellaceae,Desulfobulbaceae,Francisellaceae,Chromobacteriaceae,Halanaerobiaceae,Aphanothecaceae,Natranaerobiaceae,Thermotogaceae,Oceanospirillaceae,Aeromonadaceae,Thermaceae,Aquificaceae,Euzebyaceae,Anaerolineaceae,Heliobacteriaceae,Waddliaceae,Gordoniaceae,Parachlamydiaceae,Microcoleaceae,Conexibacteraceae,Halomonadaceae,Gloeomargaritaceae,Bogoriellaceae,Beijerinckiaceae,Nakamurellaceae,Entomoplasmataceae,Methylococcaceae,Alcanivoracaceae,Nostocaceae,Spiroplasmataceae,Hafniaceae,Aphanizomenonaceae,Nitrosomonadaceae,Pseudoalteromonadaceae,Mesoaciditogaceae,Cellulomonadaceae,Nocardiopsaceae,Desulfurellaceae,Colwelliaceae,Rhodothermaceae,Methylocystaceae,Hahellaceae,Desulfurobacteriaceae,Candidatus.Brocadiaceae,Thermomonosporaceae,Beutenbergiaceae,Borreliaceae,Methylophilaceae,Cryomorphaceae,Acidothermaceae,Synechococcaceae,Zoogloeaceae,Chloroflexaceae,Labilitrichaceae,Egibacteraceae,Leptospiraceae,Kangiellaceae,Thermodesulfobacteriaceae,Candidatus.Nanopelagicaceae,Gloeobacteraceae,Holosporaceae,Moritellaceae,Bdellovibrionaceae,Legionellaceae,Halothiobacillaceae,Chlamydiaceae,Clostridiales.Family.XVI..Incertae.Sedis,Parvularculaceae,Nitrospiraceae,Thermomicrobiaceae,Kineosporiaceae,Glycomycetaceae,Petrotogaceae,Desulfomicrobiaceae,Ruaniaceae,Azonexaceae,Nautiliaceae,Halieaceae,Cellvibrionaceae,Candidatus.Midichloriaceae,Fibrobacteraceae,Thiobacillaceae,Scytonemataceae,Pseudanabaenaceae,Akkermansiaceae,Microbulbiferaceae,Geobacteraceae,Candidatus.Deianiraeaceae,Frankiaceae,Budviciaceae,Paludibacteraceae,Amoebophilaceae,Microcystaceae,Ardenticatenaceae,Blattabacteriaceae,Prolixibacteraceae,Thiotrichaceae,Ktedonosporobacteraceae,Dehalococcoidaceae,Halobacteriovoraceae,Geodermatophilaceae,Fervidobacteriaceae,Sporichthyaceae,Salinivirgaceae,Kiritimatiellaceae,Magnetococcaceae,Sandaracinaceae,Spongiibacteraceae,Woeseiaceae,Coprothermobacteraceae,Emcibacteraceae,Dermocarpellaceae,Tepidiformaceae,Ilumatobacteraceae,Opitutaceae,Syntrophaceae,Methylacidiphilaceae,Rhodocyclaceae,Cardiobacteriaceae,Haliscomenobacteraceae,Roseiflexaceae,Tsukamurellaceae,Simkaniaceae,Acidimicrobiaceae,Acaryochloridaceae,Sphaerobacteraceae,Limnochordaceae,Chthonomonadaceae,Egicoccaceae,Jiangellaceae,Orbaceae,Bernardetiaceae,Succinivibrionaceae,Sporolactobacillaceae,Gemmataceae,Fertil
UAB 17001,7.0,0.0,0.0,1.0,1.0,1.0,2.0,0.0,0.0,1.0,0.0,6.0,6.0,0.0,2.0,0.0,2.0,4.0,3.0,0.0,0.0,2.0,0.0,0.0,1.0,6.0,1.0,0.0,2.0,3.0,9.0,3.0,1.0,1.0,2.0,6.0,0.0,4.0,3.0,2.0,0.0,5.0,6.0,0.0,0.0,0.0,3.0,7.0,0.0,7.0,0.0,0.0,7.0,0.0,0.0,6.0,8.0,6.0,6.0,9.0,0.0,0.0,8.0,0.0,0.0,0.0,6.0,6.0,0.0,0.0,7.0,0.0,0.0,10.0,0.0,6.0,9.0,0.0,0.0,0.0,0.0,0.0,0.0,0.0,0.0,0.0,0.0,9.0,9.0,9.0,0.0,0.0,0.0,9.0,8.0,9.0,9.0,0.0,0.0,0.0,9.0,9.0,0.0,10.0,0.0,0.0,0.0,0.0,0.0,0.0,10.0,0.0,0.0,0.0,0.0,0.0,0.0,0.0,0.0,0.0,0.0,0.0,0.0,0.0,0.0,0.0,0.0,0.0,10.0,0.0,0.0,0.0,10.0,0.0,0.0,10.0,10.0,0.0,0.0,0.0,10.0,0.0,10.0,10.0,0.0,0.0,0.0,0.0,0.0,10.0,0.0,0.0,10.0,0.0,0.0,10.0,0.0,0.0,0.0,0.0,0.0,0.0,0.0,0.0,0.0,0.0,0.0,0.0,0.0,0.0,0.0,0.0,0.0,0.0,0.0,0.0,0.0,0.0,0.0,0.0,10.0,0.0,0.0,0.0,0.0,0.0,0.0,0.0,0.0,0.0,0.0,0.0,0.0,0.0,0.0,0.0,0.0,0.0,0.0,0.0,10.0,0.0,0.0,0.0,0.0,0.0,0.0,0.0,0.0,0.0,0.0,0.0,10.0,0.0,0.0,0.0,0.0,0.0,0.0,0.0,0.0,10.0,0.0,0.0,0.0,0.0,0.0,0.0,0.0,0.0,0.0,0.0,0.0,0.0,0.0,0.0,0.0,0.0,0.0,0.0,0.0,0.0,0.0,0.0,0.0,0.0,0.0,0.0,0.0,0.0,0.0,0.0,0.0,0.0,0.0,0.0,0.0,0.0,0.0,0.0,0.0,0.0,0.0,0.0,0.0,0.0,0.0,0.0,0.0,0.0,0.0,0.0,0.0,0.0,0.0,0.0,0.0,0.0,0.0,0.0,0.0,0.0,0.0,0.0,0.0,0.0,0.0,0.0,0.0,0.0,0.0,0.0,0
UAB 17002,0.0,0.0,0.0,0.0,0.0,0.0,0.0,0.0,0.0,6.0,0.0,1.0,1.0,0.0,1.0,0.0,0.0,1.0,0.0,0.0,0.0,1.0,0.0,3.0,1.0,2.0,1.0,0.0,2.0,0.0,3.0,3.0,1.0,10.0,0.0,6.0,4.0,0.0,3.0,2.0,6.0,0.0,6.0,0.0,4.0,10.0,10.0,0.0,0.0,7.0,0.0,0.0,0.0,4.0,5.0,7.0,0.0,5.0,0.0,8.0,5.0,5.0,0.0,8.0,6.0,6.0,0.0,6.0,0.0,0.0,7.0,8.0,0.0,0.0,0.0,6.0,7.0,0.0,5.0,0.0,10.0,0.0,7.0,0.0,0.0,0.0,6.0,0.0,9.0,0.0,0.0,0.0,0.0,10.0,8.0,0.0,0.0,9.0,10.0,0.0,9.0,0.0,0.0,10.0,0.0,9.0,0.0,0.0,0.0,0.0,0.0,0.0,0.0,10.0,10.0,9.0,10.0,10.0,0.0,0.0,0.0,0.0,10.0,9.0,0.0,10.0,0.0,0.0,0.0,10.0,0.0,0.0,0.0,0.0,0.0,10.0,0.0,0.0,0.0,10.0,0.0,0.0,0.0,0.0,0.0,0.0,0.0,10.0,0.0,0.0,0.0,0.0,0.0,0.0,0.0,0.0,0.0,0.0,10.0,10.0,0.0,0.0,0.0,0.0,0.0,10.0,10.0,0.0,10.0,0.0,0.0,0.0,0.0,0.0,0.0,0.0,0.0,10.0,10.0,0.0,0.0,0.0,0.0,10.0,0.0,0.0,0.0,10.0,0.0,0.0,10.0,0.0,0.0,0.0,0.0,10.0,10.0,0.0,0.0,0.0,0.0,0.0,0.0,0.0,0.0,0.0,0.0,0.0,0.0,10.0,0.0,0.0,0.0,10.0,10.0,0.0,0.0,0.0,10.0,0.0,10.0,10.0,0.0,0.0,0.0,10.0,0.0,0.0,0.0,0.0,0.0,0.0,10.0,0.0,10.0,10.0,0.0,0.0,0.0,0.0,0.0,0.0,10.0,0.0,0.0,0.0,10.0,0.0,0.0,0.0,0.0,0.0,0.0,0.0,10.0,0.0,0.0,0.0,0.0,0.0,0.0,0.0,0.0,10.0,0.0,0.0,0.0,0.0,0.0,0.0,0.0,10.0,10.0,0.0,0.0,0.0,0.0,10.0,0.0,0.0,0.0,0.0,0.0,0.0,0.0,0.0,0.0,0.0,0.0,0.0,0.0,0.0,0
UAB 17003,6.0,2.0,2.0,0.0,0.0,10.0,0.0,1.0,0.0,6.0,0.0,0.0,0.0,0.0,4.0,0.0,1.0,2.0,1.0,0.0,1.0,1.0,0.0,6.0,1.0,2.0,1.0,0.0,2.0,6.0,3.0,4.0,1.0,1.0,2.0,6.0,4.0,6.0,2.0,2.0,7.0,5.0,6.0,3.0,0.0,0.0,3.0,7.0,0.0,7.0,7.0,5.0,7.0,0.0,5.0,6.0,8.0,0.0,6.0,9.0,5.0,5.0,0.0,8.0,0.0,6.0,6.0,6.0,8.0,9.0,7.0,8.0,0.0,9.0,6.0,6.0,7.0,5.0,5.0,10.0,8.0,0.0,0.0,7.0,8.0,9.0,0.0,10.0,9.0,9.0,0.0,9.0,0.0,0.0,0.0,0.0,9.0,0.0,0.0,7.0,9.0,0.0,10.0,0.0,9.0,9.0,10.0,10.0,0.0,0.0,10.0,0.0,0.0,10.0,10.0,0.0,10.0,10.0,9.0,9.0,10.0,0.0,0.0,0.0,0.0,10.0,0.0,10.0,10.0,0.0,0.0,10.0,10.0,0.0,10.0,10.0,0.0,0.0,10.0,0.0,0.0,0.0,0.0,0.0,10.0,0.0,0.0,0.0,0.0,10.0,0.0,0.0,10.0,0.0,0.0,0.0,10.0,10.0,0.0,0.0,10.0,10.0,0.0,0.0,0.0,10.0,10.0,10.0,10.0,0.0,10.0,10.0,10.0,0.0,0.0,0.0,0.0,0.0,0.0,0.0,0.0,0.0,0.0,10.0,0.0,0.0,0.0,0.0,0.0,0.0,0.0,0.0,10.0,10.0,10.0,0.0,10.0,0.0,0.0,10.0,10.0,10.0,0.0,0.0,0.0,0.0,0.0,10.0,10.0,0.0,0.0,0.0,0.0,0.0,0.0,10.0,0.0,0.0,0.0,0.0,0.0,0.0,0.0,0.0,0.0,10.0,0.0,0.0,0.0,0.0,0.0,0.0,0.0,0.0,0.0,0.0,0.0,0.0,0.0,0.0,0.0,0.0,0.0,0.0,0.0,0.0,0.0,0.0,10.0,0.0,0.0,0.0,0.0,0.0,0.0,0.0,0.0,0.0,0.0,0.0,0.0,0.0,0.0,0.0,0.0,0.0,0.0,0.0,10.0,0.0,0.0,0.0,0.0,0.0,0.0,0.0,0.0,0.0,0.0,0.0,0.0,0.0,0.0,0.0,0.0,0.0,0.0,0.0,0.0,0.0,0.0,0.0,0
UAB 17004,3.0,0.0,0.0,0.0,2.0,0.0,3.0,0.0,0.0,0.0,0.0,2.0,1.0,0.0,1.0,0.0,1.0,0.0,0.0,0.0,0.0,1.0,0.0,0.0,0.0,0.0,0.0,0.0,2.0,0.0,0.0,4.0,3.0,1.0,0.0,6.0,0.0,0.0,0.0,0.0,0.0,0.0,7.0,0.0,0.0,0.0,3.0,8.0,0.0,0.0,0.0,0.0,7.0,0.0,0.0,0.0,0.0,0.0,0.0,0.0,0.0,0.0,7.0,0.0,0.0,0.0,0.0,0.0,0.0,0.0,0.0,0.0,0.0,0.0,0.0,0.0,8.0,0.0,0.0,0.0,0.0,0.0,0.0,0.0,0.0,0.0,0.0,0.0,0.0,0.0,0.0,0.0,0.0,0.0,0.0,0.0,0.0,0.0,9.0,0.0,0.0,0.0,0.0,0.0,0.0,0.0,0.0,0.0,0.0,0.0,0.0,0.0,0.0,0.0,0.0,0.0,0.0,0.0,0.0,0.0,0.0,0.0,0.0,0.0,0.0,0.0,0.0,0.0,0.0,0.0,0.0,0.0,0.0,0.0,0.0,0.0,0.0,0.0,0.0,0.0,0.0,0.0,0.0,0.0,0.0,0.0,0.0,0.0,0.0,0.0,0.0,0.0,0.0,0.0,0.0,0.0,10.0,0.0,0.0,0.0,0.0,0.0,0.0,0.0,0.0,0.0,0.0,0.0,0.0,0.0,0.0,0.0,0.0,0.0,0.0,0.0,0.0,0.0,0.0,0.0,0.0,0.0,0.0,0.0,0.0,0.0,0.0,0.0,0.0,0.0,0.0,0.0,0.0,0.0,0.0,0.0,0.0,0.0,0.0,0.0,0.0,0.0,0.0,0.0,0.0,0.0,0.0,0.0,0.0,0.0,0.0,0.0,0.0,0.0,0.0,0.0,0.0,0.0,0.0,0.0,0.0,0.0,0.0,0.0,0.0,0.0,0.0,0.0,0.0,0.0,0.0,0.0,0.0,0.0,0.0,0.0,0.0,0.0,0.0,0.0,0.0,0.0,0.0,0.0,0.0,0.0,0.0,0.0,0.0,0.0,0.0,0.0,0.0,0.0,0.0,0.0,0.0,0.0,0.0,0.0,0.0,0.0,0.0,0.0,0.0,0.0,0.0,0.0,0.0,0.0,0.0,0.0,0.0,0.0,0.0,0.0,0.0,0.0,0.0,0.0,0.0,0.0,0.0,0.0,0.0,0.0,0.0,0.0,0.0,0.0,0.0,0.0,0
UAB 17005,8.0,0.0,4.0,0.0,3.0,0.0,4.0,0.0,0.0,1.0,0.0,1.0,2.0,0.0,2.0,0.0,1.0,0.0,2.0,1.0,1.0,1.0,0.0,5.0,1.0,4.0,0.0,0.0,3.0,4.0,3.0,3.0,1.0,1.0,2.0,6.0,4.0,5.0,0.0,2.0,7.0,0.0,6.0,0.0,0.0,0.0,3.0,8.0,0.0,7.0,0.0,0.0,7.0,0.0,5.0,6.0,8.0,6.0,6.0,9.0,0.0,5.0,7.0,9.0,6.0,6.0,0.0,6.0,9.0,0.0,7.0,0.0,0.0,9.0,0.0,6.0,0.0,5.0,5.0,0.0,8.0,0.0,0.0,7.0,8.0,9.0,0.0,0.0,9.0,0.0,0.0,10.0,0.0,9.0,0.0,0.0,0.0,0.0,0.0,0.0,0.0,0.0,10.0,0.0,9.0,0.0,0.0,10.0,0.0,0.0,0.0,9.0,10.0,0.0,0.0,0.0,0.0,10.0,0.0,0.0,0.0,0.0,9.0,0.0,0.0,0.0,0.0,0.0,10.0,0.0,0.0,0.0,0.0,9.0,0.0,10.0,0.0,0.0,0.0,0.0,0.0,0.0,0.0,0.0,0.0,0.0,0.0,0.0,0.0,10.0,0.0,0.0,0.0,0.0,0.0,0.0,0.0,0.0,0.0,10.0,0.0,0.0,0.0,0.0,10.0,0.0,0.0,0.0,10.0,0.0,10.0,10.0,0.0,0.0,10.0,0.0,0.0,0.0,0.0,0.0,0.0,10.0,0.0,0.0,0.0,0.0,0.0,0.0,0.0,0.0,0.0,0.0,0.0,0.0,0.0,0.0,0.0,0.0,0.0,0.0,0.0,0.0,0.0,0.0,0.0,0.0,0.0,0.0,0.0,0.0,0.0,0.0,0.0,0.0,0.0,0.0,0.0,10.0,0.0,10.0,0.0,0.0,0.0,0.0,0.0,10.0,0.0,0.0,0.0,0.0,0.0,0.0,0.0,0.0,0.0,0.0,0.0,0.0,0.0,0.0,0.0,0.0,0.0,10.0,0.0,0.0,0.0,0.0,0.0,0.0,0.0,0.0,0.0,0.0,0.0,0.0,0.0,0.0,0.0,0.0,0.0,0.0,0.0,0.0,0.0,10.0,0.0,0.0,0.0,0.0,0.0,0.0,0.0,0.0,0.0,0.0,0.0,0.0,0.0,0.0,0.0,0.0,0.0,0.0,0.0,0.0,0.0,0.0,0.0,0.0,0.0,0.0,0
UAB 17006,10.0,0.0,3.0,0.0,1.0,0.0,4.0,0.0,0.0,1.0,0.0,1.0,1.0,0.0,4.0,2.0,5.0,3.0,1.0,0.0,0.0,1.0,0.0,3.0,1.0,3.0,1.0,0.0,2.0,0.0,3.0,3.0,0.0,1.0,0.0,6.0,4.0,9.0,3.0,2.0,6.0,0.0,6.0,3.0,4.0,0.0,3.0,7.0,5.0,0.0,7.0,0.0,7.0,4.0,0.0,0.0,0.0,0.0,0.0,0.0,0.0,5.0,6.0,8.0,6.0,0.0,0.0,6.0,0.0,0.0,7.0,8.0,0.0,9.0,6.0,6.0,0.0,5.0,0.0,7.0,8.0,0.0,0.0,7.0,8.0,10.0,0.0,0.0,9.0,0.0,8.0,10.0,0.0,0.0,0.0,0.0,9.0,9.0,0.0,0.0,9.0,0.0,0.0,10.0,0.0,9.0,0.0,10.0,0.0,8.0,10.0,0.0,0.0,10.0,0.0,0.0,0.0,10.0,0.0,0.0,10.0,0.0,9.0,0.0,9.0,10.0,0.0,0.0,10.0,9.0,0.0,0.0,10.0,0.0,0.0,10.0,10.0,0.0,0.0,10.0,0.0,0.0,10.0,0.0,10.0,0.0,0.0,0.0,0.0,0.0,0.0,0.0,10.0,10.0,0.0,0.0,0.0,0.0,10.0,0.0,10.0,10.0,0.0,0.0,0.0,0.0,0.0,0.0,0.0,0.0,10.0,10.0,0.0,0.0,0.0,0.0,0.0,0.0,0.0,0.0,0.0,0.0,0.0,10.0,0.0,0.0,0.0,0.0,0.0,0.0,0.0,0.0,10.0,0.0,10.0,0.0,0.0,0.0,0.0,0.0,0.0,0.0,0.0,0.0,10.0,0.0,0.0,0.0,0.0,0.0,0.0,0.0,0.0,0.0,0.0,10.0,0.0,0.0,0.0,0.0,10.0,0.0,0.0,10.0,0.0,0.0,0.0,0.0,10.0,0.0,0.0,0.0,0.0,0.0,0.0,0.0,0.0,0.0,0.0,0.0,0.0,0.0,0.0,0.0,0.0,0.0,0.0,0.0,0.0,0.0,0.0,0.0,0.0,0.0,0.0,0.0,0.0,0.0,0.0,0.0,0.0,0.0,0.0,0.0,0.0,0.0,0.0,0.0,0.0,0.0,0.0,0.0,0.0,0.0,0.0,0.0,0.0,0.0,0.0,0.0,0.0,0.0,0.0,0.0,0.0,0.0,0.0,0.0,0.0,0.0,0.0,0.0,0
UAB 17007,0.0,0.0,10.0,0.0,10.0,0.0,2.0,0.0,0.0,1.0,6.0,0.0,0.0,0.0,2.0,0.0,1.0,0.0,1.0,1.0,0.0,0.0,0.0,3.0,1.0,2.0,1.0,0.0,2.0,0.0,3.0,3.0,0.0,1.0,0.0,6.0,4.0,0.0,0.0,2.0,7.0,5.0,0.0,0.0,0.0,3.0,3.0,7.0,0.0,0.0,0.0,5.0,7.0,0.0,5.0,0.0,0.0,5.0,0.0,8.0,0.0,0.0,6.0,8.0,6.0,0.0,0.0,6.0,0.0,9.0,7.0,8.0,0.0,9.0,0.0,6.0,7.0,0.0,5.0,7.0,8.0,0.0,6.0,7.0,0.0,0.0,0.0,0.0,9.0,0.0,8.0,9.0,0.0,0.0,0.0,0.0,9.0,0.0,8.0,7.0,9.0,0.0,0.0,0.0,0.0,0.0,0.0,0.0,0.0,0.0,0.0,0.0,0.0,0.0,10.0,0.0,10.0,10.0,0.0,0.0,10.0,0.0,9.0,0.0,0.0,10.0,0.0,10.0,10.0,0.0,9.0,0.0,0.0,0.0,10.0,10.0,0.0,0.0,10.0,10.0,0.0,10.0,10.0,10.0,0.0,0.0,0.0,10.0,0.0,10.0,0.0,0.0,0.0,0.0,0.0,0.0,0.0,0.0,10.0,10.0,0.0,0.0,0.0,0.0,0.0,0.0,0.0,10.0,0.0,0.0,0.0,10.0,0.0,10.0,0.0,10.0,0.0,0.0,0.0,0.0,0.0,10.0,0.0,0.0,10.0,0.0,0.0,0.0,0.0,0.0,0.0,0.0,0.0,0.0,0.0,0.0,0.0,0.0,0.0,0.0,0.0,10.0,10.0,0.0,0.0,0.0,0.0,0.0,0.0,0.0,0.0,0.0,0.0,0.0,10.0,0.0,0.0,0.0,0.0,0.0,0.0,0.0,10.0,0.0,0.0,0.0,10.0,0.0,0.0,10.0,0.0,0.0,0.0,0.0,0.0,0.0,10.0,0.0,0.0,0.0,0.0,0.0,0.0,0.0,10.0,10.0,0.0,0.0,0.0,10.0,0.0,0.0,0.0,0.0,0.0,0.0,0.0,0.0,0.0,0.0,0.0,0.0,0.0,0.0,0.0,0.0,0.0,0.0,0.0,10.0,0.0,0.0,0.0,0.0,0.0,0.0,0.0,0.0,0.0,0.0,0.0,0.0,0.0,0.0,0.0,0.0,0.0,0.0,0.0,0.0,0.0,0.0,0
UAB 17008,8.0,3.0,0.0,0.0,0.0,1.0,0.0,0.0,0.0,6.0,0.0,0.0,1.0,1.0,10.0,0.0,1.0,1.0,0.0,0.0,0.0,1.0,0.0,3.0,2.0,2.0,1.0,0.0,2.0,4.0,3.0,4.0,1.0,1.0,2.0,7.0,4.0,0.0,2.0,2.0,7.0,5.0,10.0,0.0,0.0,3.0,3.0,8.0,5.0,8.0,10.0,5.0,7.0,4.0,5.0,6.0,10.0,5.0,6.0,9.0,0.0,5.0,6.0,9.0,6.0,6.0,0.0,6.0,8.0,10.0,7.0,8.0,0.0,9.0,6.0,6.0,7.0,5.0,5.0,7.0,8.0,0.0,6.0,7.0,8.0,9.0,0.0,10.0,9.0,9.0,0.0,10.0,10.0,9.0,8.0,0.0,9.0,0.0,8.0,0.0,9.0,0.0,0.0,10.0,9.0,9.0,10.0,10.0,0.0,0.0,10.0,9.0,9.0,10.0,10.0,0.0,10.0,10.0,9.0,9.0,10.0,0.0,9.0,9.0,0.0,10.0,0.0,10.0,10.0,9.0,0.0,10.0,10.0,9.0,10.0,10.0,0.0,9.0,10.0,10.0,0.0,10.0,10.0,10.0,0.0,10.0,0.0,10.0,0.0,10.0,0.0,10.0,0.0,0.0,0.0,10.0,0.0,10.0,10.0,0.0,0.0,10.0,0.0,10.0,10.0,10.0,0.0,10.0,10.0,0.0,0.0,10.0,0.0,10.0,0.0,10.0,0.0,10.0,0.0,10.0,10.0,0.0,10.0,10.0,10.0,0.0,0.0,0.0,10.0,10.0,10.0,10.0,10.0,10.0,0.0,10.0,10.0,0.0,0.0,10.0,0.0,0.0,0.0,10.0,10.0,0.0,10.0,10.0,10.0,0.0,10.0,0.0,10.0,10.0,10.0,0.0,0.0,0.0,0.0,0.0,0.0,0.0,10.0,0.0,0.0,0.0,10.0,0.0,10.0,10.0,10.0,0.0,0.0,0.0,0.0,0.0,10.0,10.0,0.0,0.0,10.0,10.0,10.0,0.0,10.0,10.0,0.0,0.0,0.0,0.0,0.0,0.0,0.0,0.0,0.0,10.0,10.0,0.0,0.0,0.0,0.0,0.0,0.0,0.0,0.0,0.0,0.0,0.0,0.0,10.0,10.0,0.0,0.0,0.0,0.0,0.0,0.0,0.0,0.0,10.0,0.0,0.0,10.0,0.0,0.0,10.0,0.0,0.0,0.0,10.0,0.0,0.0,0
UAB 17009,7.0,0.0,2.0,0.0,0.0,5.0,0.0,0.0,0.0,4.0,0.0,0.0,0.0,10.0,3.0,0.0,1.0,1.0,1.0,0.0,1.0,0.0,1.0,4.0,2.0,3.0,1.0,0.0,2.0,5.0,3.0,4.0,1.0,1.0,2.0,7.0,4.0,4.0,2.0,2.0,8.0,9.0,6.0,0.0,0.0,3.0,3.0,8.0,0.0,7.0,7.0,8.0,8.0,0.0,6.0,6.0,8.0,5.0,6.0,9.0,0.0,6.0,6.0,9.0,0.0,0.0,0.0,7.0,8.0,9.0,7.0,8.0,0.0,9.0,6.0,6.0,9.0,5.0,5.0,7.0,8.0,0.0,6.0,7.0,8.0,9.0,0.0,0.0,9.0,9.0,0.0,9.0,10.0,9.0,0.0,8.0,0.0,9.0,8.0,7.0,9.0,0.0,9.0,0.0,0.0,9.0,0.0,10.0,0.0,0.0,10.0,0.0,9.0,10.0,10.0,0.0,10.0,10.0,0.0,9.0,0.0,0.0,0.0,0.0,0.0,10.0,0.0,10.0,10.0,0.0,0.0,0.0,10.0,0.0,10.0,10.0,10.0,9.0,10.0,0.0,0.0,0.0,10.0,0.0,0.0,10.0,0.0,0.0,0.0,10.0,0.0,0.0,0.0,0.0,0.0,10.0,0.0,0.0,0.0,10.0,10.0,10.0,0.0,10.0,10.0,0.0,10.0,0.0,10.0,10.0,10.0,10.0,0.0,0.0,10.0,10.0,0.0,0.0,0.0,0.0,0.0,0.0,10.0,0.0,0.0,0.0,0.0,0.0,0.0,0.0,0.0,10.0,0.0,10.0,10.0,10.0,10.0,0.0,0.0,10.0,0.0,0.0,0.0,0.0,0.0,0.0,0.0,10.0,0.0,0.0,0.0,0.0,0.0,0.0,10.0,0.0,0.0,10.0,0.0,10.0,10.0,0.0,0.0,0.0,0.0,10.0,10.0,0.0,10.0,10.0,0.0,0.0,0.0,0.0,0.0,10.0,0.0,0.0,0.0,0.0,10.0,0.0,0.0,0.0,0.0,0.0,0.0,0.0,10.0,0.0,0.0,0.0,0.0,0.0,0.0,0.0,0.0,0.0,0.0,0.0,0.0,0.0,0.0,0.0,0.0,0.0,10.0,0.0,10.0,0.0,0.0,0.0,0.0,0.0,0.0,0.0,0.0,0.0,0.0,0.0,10.0,10.0,0.0,0.0,0.0,0.0,0.0,0.0,0.0,0.0,0.0,0.0,0
UAB 17010,2.0,0.0,10.0,3.0,0.0,1.0,0.0,1.0,0.0,7.0,0.0,1.0,1.0,0.0,2.0,1.0,1.0,3.0,0.0,0.0,1.0,1.0,0.0,3.0,1.0,2.0,10.0,0.0,2.0,4.0,7.0,6.0,1.0,1.0,0.0,6.0,10.0,6.0,2.0,2.0,7.0,0.0,6.0,4.0,4.0,3.0,3.0,10.0,5.0,7.0,8.0,5.0,7.0,5.0,6.0,7.0,8.0,6.0,7.0,9.0,0.0,10.0,6.0,8.0,0.0,6.0,0.0,10.0,8.0,9.0,7.0,0.0,0.0,10.0,7.0,6.0,7.0,5.0,5.0,8.0,8.0,7.0,6.0,0.0,8.0,9.0,0.0,0.0,9.0,9.0,0.0,0.0,0.0,9.0,0.0,0.0,9.0,10.0,8.0,0.0,9.0,0.0,0.0,10.0,9.0,9.0,10.0,10.0,9.0,0.0,10.0,0.0,9.0,0.0,10.0,9.0,10.0,10.0,0.0,9.0,10.0,9.0,9.0,0.0,0.0,10.0,10.0,0.0,10.0,0.0,0.0,0.0,0.0,0.0,10.0,10.0,0.0,9.0,0.0,0.0,0.0,0.0,0.0,0.0,10.0,0.0,0.0,0.0,0.0,0.0,0.0,10.0,10.0,0.0,0.0,0.0,0.0,10.0,0.0,0.0,10.0,10.0,0.0,10.0,0.0,0.0,10.0,0.0,0.0,10.0,0.0,10.0,0.0,0.0,0.0,0.0,0.0,10.0,10.0,0.0,0.0,0.0,0.0,10.0,0.0,0.0,0.0,0.0,0.0,10.0,10.0,0.0,10.0,10.0,10.0,10.0,0.0,0.0,0.0,0.0,10.0,0.0,0.0,0.0,10.0,0.0,0.0,0.0,0.0,0.0,0.0,0.0,0.0,0.0,10.0,0.0,0.0,0.0,0.0,10.0,10.0,0.0,10.0,10.0,0.0,0.0,0.0,0.0,0.0,10.0,0.0,10.0,0.0,0.0,10.0,0.0,0.0,10.0,0.0,0.0,0.0,0.0,0.0,0.0,0.0,0.0,0.0,10.0,10.0,0.0,0.0,0.0,0.0,0.0,0.0,0.0,0.0,0.0,0.0,0.0,0.0,0.0,0.0,0.0,0.0,0.0,0.0,0.0,10.0,0.0,0.0,0.0,10.0,0.0,0.0,0.0,10.0,0.0,0.0,0.0,0.0,0.0,0.0,10.0,0.0,0.0,0.0,0.0,10.0,0.0,0.0,0.0,0
UAB 17012,2.0,10.0,0.0,0.0,0.0,1.0,0.0,4.0,2.0,1.0,0.0,1.0,0.0,8.0,3.0,0.0,1.0,1.0,1.0,0.0,1.0,0.0,1.0,8.0,1.0,2.0,1.0,0.0,2.0,3.0,0.0,3.0,1.0,1.0,2.0,6.0,4.0,0.0,2.0,2.0,7.0,6.0,6.0,3.0,0.0,3.0,3.0,7.0,0.0,7.0,7.0,0.0,7.0,0.0,5.0,6.0,8.0,0.0,7.0,9.0,0.0,0.0,0.0,8.0,6.0,0.0,6.0,0.0,0.0,9.0,7.0,8.0,0.0,0.0,0.0,0.0,0.0,5.0,0.0,0.0,8.0,0.0,0.0,7.0,8.0,0.0,0.0,9.0,9.0,9.0,0.0,0.0,10.0,0.0,0.0,0.0,9.0,0.0,8.0,0.0,0.0,0.0,0.0,10.0,0.0,9.0,0.0,0.0,9.0,0.0,10.0,0.0,0.0,0.0,0.0,0.0,0.0,0.0,10.0,0.0,0.0,0.0,0.0,0.0,0.0,0.0,0.0,0.0,10.0,9.0,0.0,0.0,0.0,0.0,0.0,0.0,0.0,0.0,0.0,10.0,0.0,0.0,10.0,0.0,0.0,0.0,0.0,0.0,0.0,0.0,0.0,0.0,0.0,0.0,0.0,0.0,0.0,0.0,0.0,0.0,10.0,0.0,0.0,0.0,0.0,0.0,0.0,0.0,0.0,0.0,0.0,0.0,0.0,0.0,0.0,0.0,0.0,0.0,0.0,0.0,10.0,0.0,0.0,0.0,0.0,0.0,10.0,0.0,0.0,0.0,0.0,0.0,0.0,0.0,0.0,0.0,10.0,0.0,0.0,10.0,0.0,0.0,0.0,0.0,0.0,10.0,0.0,0.0,0.0,0.0,0.0,0.0,0.0,0.0,0.0,0.0,0.0,0.0,0.0,0.0,0.0,0.0,0.0,0.0,0.0,0.0,0.0,0.0,0.0,10.0,0.0,0.0,0.0,0.0,0.0,0.0,0.0,0.0,0.0,0.0,0.0,0.0,0.0,0.0,0.0,0.0,0.0,0.0,0.0,0.0,0.0,0.0,0.0,0.0,0.0,0.0,0.0,0.0,0.0,0.0,0.0,0.0,0.0,0.0,0.0,0.0,0.0,0.0,0.0,0.0,0.0,0.0,0.0,0.0,0.0,0.0,0.0,0.0,0.0,0.0,0.0,0.0,0.0,0.0,0.0,0.0,0.0,0.0,0.0,0.0,0.0,0.0,0
UAB 17013,0.0,2.0,1.0,4.0,0.0,0.0,5.0,1.0,0.0,1.0,7.0,3.0,0.0,1.0,1.0,0.0,0.0,0.0,0.0,0.0,0.0,0.0,0.0,3.0,1.0,2.0,0.0,0.0,0.0,4.0,0.0,0.0,0.0,0.0,7.0,6.0,0.0,0.0,0.0,0.0,7.0,5.0,0.0,0.0,0.0,0.0,0.0,0.0,5.0,7.0,0.0,0.0,0.0,0.0,0.0,0.0,0.0,0.0,0.0,0.0,0.0,0.0,0.0,0.0,0.0,0.0,0.0,0.0,0.0,0.0,0.0,9.0,0.0,10.0,0.0,0.0,0.0,0.0,0.0,0.0,0.0,0.0,0.0,0.0,0.0,0.0,0.0,0.0,10.0,0.0,0.0,0.0,0.0,0.0,0.0,0.0,0.0,0.0,0.0,0.0,0.0,0.0,0.0,0.0,0.0,0.0,0.0,0.0,0.0,0.0,0.0,0.0,0.0,0.0,0.0,0.0,0.0,0.0,0.0,0.0,0.0,0.0,0.0,0.0,0.0,0.0,0.0,0.0,0.0,0.0,0.0,0.0,0.0,0.0,0.0,0.0,0.0,0.0,0.0,10.0,0.0,0.0,0.0,0.0,0.0,0.0,0.0,0.0,0.0,0.0,0.0,0.0,0.0,0.0,0.0,0.0,0.0,0.0,0.0,0.0,0.0,0.0,0.0,0.0,0.0,0.0,0.0,0.0,0.0,0.0,0.0,0.0,0.0,0.0,0.0,0.0,0.0,0.0,0.0,0.0,0.0,0.0,0.0,0.0,0.0,0.0,0.0,0.0,0.0,0.0,0.0,0.0,0.0,0.0,0.0,0.0,0.0,0.0,0.0,0.0,0.0,0.0,0.0,0.0,0.0,0.0,0.0,0.0,0.0,0.0,0.0,0.0,0.0,0.0,0.0,0.0,0.0,0.0,0.0,0.0,0.0,0.0,0.0,0.0,0.0,0.0,0.0,0.0,0.0,0.0,0.0,0.0,0.0,0.0,0.0,0.0,0.0,0.0,0.0,0.0,0.0,0.0,0.0,0.0,0.0,0.0,0.0,0.0,0.0,0.0,0.0,0.0,0.0,0.0,0.0,0.0,0.0,0.0,0.0,0.0,0.0,0.0,0.0,0.0,0.0,0.0,0.0,0.0,0.0,0.0,0.0,0.0,0.0,0.0,0.0,0.0,0.0,0.0,0.0,0.0,0.0,0.0,0.0,0.0,0.0,0.0,0.0,0.0,0.0,0.0,0.0,0.0,0
UAB 17014,6.0,1.0,0.0,0.0,0.0,0.0,0.0,10.0,0.0,2.0,0.0,0.0,0.0,0.0,3.0,0.0,1.0,1.0,0.0,0.0,0.0,1.0,0.0,4.0,2.0,2.0,1.0,0.0,2.0,3.0,3.0,3.0,0.0,1.0,2.0,6.0,4.0,4.0,2.0,2.0,7.0,6.0,7.0,0.0,0.0,3.0,3.0,9.0,0.0,10.0,9.0,0.0,7.0,4.0,5.0,6.0,10.0,0.0,6.0,9.0,5.0,5.0,0.0,8.0,6.0,6.0,6.0,6.0,8.0,10.0,7.0,0.0,0.0,9.0,6.0,0.0,7.0,5.0,5.0,0.0,8.0,0.0,0.0,7.0,8.0,0.0,0.0,0.0,9.0,9.0,0.0,10.0,10.0,9.0,0.0,0.0,0.0,0.0,0.0,0.0,9.0,0.0,0.0,0.0,0.0,0.0,10.0,0.0,0.0,0.0,10.0,0.0,0.0,10.0,10.0,0.0,10.0,10.0,0.0,9.0,0.0,0.0,0.0,0.0,0.0,10.0,0.0,10.0,10.0,0.0,0.0,0.0,0.0,0.0,0.0,0.0,10.0,0.0,10.0,0.0,0.0,10.0,10.0,0.0,0.0,0.0,0.0,0.0,0.0,10.0,0.0,0.0,0.0,0.0,0.0,0.0,0.0,0.0,0.0,0.0,0.0,0.0,0.0,10.0,10.0,0.0,0.0,0.0,0.0,0.0,0.0,0.0,10.0,0.0,0.0,0.0,0.0,10.0,0.0,10.0,0.0,0.0,10.0,0.0,0.0,0.0,0.0,0.0,0.0,0.0,0.0,10.0,0.0,10.0,0.0,0.0,0.0,0.0,0.0,0.0,0.0,0.0,0.0,0.0,10.0,0.0,0.0,10.0,0.0,0.0,0.0,0.0,0.0,0.0,0.0,0.0,0.0,0.0,0.0,0.0,0.0,0.0,0.0,0.0,0.0,10.0,0.0,0.0,10.0,0.0,0.0,0.0,0.0,10.0,0.0,0.0,0.0,10.0,0.0,10.0,0.0,0.0,0.0,0.0,0.0,0.0,0.0,0.0,0.0,0.0,10.0,0.0,10.0,0.0,0.0,0.0,10.0,0.0,0.0,0.0,0.0,0.0,0.0,0.0,0.0,0.0,0.0,0.0,0.0,10.0,0.0,0.0,0.0,0.0,0.0,0.0,0.0,0.0,0.0,0.0,0.0,0.0,0.0,0.0,0.0,0.0,0.0,0.0,0.0,0.0,0.0,0.0,0
UAB 17015,8.0,0.0,1.0,0.0,2.0,0.0,5.0,3.0,0.0,0.0,0.0,2.0,1.0,0.0,3.0,1.0,0.0,1.0,0.0,0.0,0.0,0.0,0.0,3.0,1.0,3.0,1.0,0.0,2.0,0.0,0.0,6.0,1.0,1.0,0.0,9.0,4.0,0.0,0.0,5.0,6.0,0.0,6.0,6.0,7.0,3.0,3.0,0.0,6.0,0.0,8.0,5.0,7.0,6.0,5.0,10.0,8.0,0.0,0.0,8.0,0.0,0.0,0.0,0.0,0.0,0.0,0.0,0.0,0.0,9.0,8.0,8.0,0.0,9.0,7.0,6.0,7.0,0.0,5.0,0.0,8.0,0.0,0.0,0.0,0.0,0.0,6.0,0.0,9.0,0.0,0.0,0.0,0.0,9.0,0.0,0.0,0.0,0.0,0.0,0.0,9.0,0.0,0.0,0.0,0.0,9.0,0.0,0.0,9.0,0.0,10.0,0.0,0.0,0.0,0.0,0.0,0.0,10.0,0.0,9.0,0.0,0.0,0.0,0.0,0.0,10.0,0.0,10.0,10.0,0.0,0.0,0.0,0.0,0.0,0.0,0.0,10.0,0.0,10.0,0.0,0.0,0.0,0.0,0.0,0.0,0.0,0.0,0.0,0.0,0.0,0.0,0.0,0.0,0.0,10.0,0.0,0.0,0.0,10.0,0.0,10.0,10.0,0.0,0.0,0.0,10.0,0.0,0.0,0.0,0.0,10.0,0.0,0.0,10.0,0.0,0.0,0.0,0.0,0.0,0.0,0.0,0.0,0.0,0.0,10.0,0.0,0.0,0.0,0.0,0.0,10.0,0.0,0.0,0.0,0.0,0.0,0.0,0.0,0.0,0.0,0.0,0.0,0.0,0.0,0.0,0.0,0.0,0.0,0.0,0.0,0.0,0.0,0.0,0.0,0.0,0.0,0.0,0.0,0.0,0.0,0.0,0.0,0.0,0.0,10.0,0.0,0.0,0.0,0.0,0.0,0.0,0.0,0.0,0.0,0.0,0.0,0.0,0.0,0.0,0.0,0.0,0.0,10.0,0.0,0.0,0.0,0.0,0.0,0.0,0.0,0.0,0.0,0.0,0.0,10.0,0.0,0.0,0.0,0.0,0.0,0.0,0.0,0.0,0.0,0.0,0.0,0.0,0.0,0.0,0.0,0.0,0.0,0.0,0.0,0.0,10.0,0.0,0.0,0.0,0.0,0.0,0.0,0.0,0.0,0.0,0.0,0.0,0.0,0.0,0.0,0.0,0.0,0
UAB 17016,4.0,2.0,0.0,0.0,0.0,5.0,0.0,0.0,0.0,4.0,0.0,0.0,1.0,0.0,8.0,0.0,1.0,0.0,1.0,0.0,1.0,1.0,0.0,4.0,2.0,3.0,1.0,0.0,2.0,4.0,3.0,6.0,0.0,1.0,2.0,8.0,4.0,0.0,0.0,2.0,8.0,7.0,8.0,0.0,0.0,3.0,3.0,7.0,0.0,7.0,10.0,5.0,8.0,4.0,5.0,6.0,9.0,0.0,6.0,10.0,0.0,5.0,0.0,10.0,6.0,0.0,0.0,6.0,8.0,10.0,7.0,0.0,0.0,9.0,0.0,6.0,7.0,5.0,0.0,7.0,8.0,0.0,0.0,8.0,9.0,9.0,0.0,9.0,9.0,9.0,0.0,9.0,10.0,9.0,0.0,9.0,0.0,9.0,8.0,0.0,9.0,0.0,10.0,0.0,9.0,9.0,10.0,10.0,9.0,0.0,10.0,0.0,9.0,10.0,10.0,0.0,10.0,10.0,9.0,9.0,10.0,0.0,9.0,0.0,0.0,10.0,0.0,10.0,10.0,9.0,0.0,10.0,10.0,0.0,10.0,10.0,0.0,9.0,10.0,0.0,0.0,0.0,10.0,0.0,0.0,10.0,0.0,10.0,0.0,0.0,0.0,10.0,0.0,0.0,0.0,0.0,0.0,0.0,10.0,0.0,0.0,10.0,0.0,10.0,0.0,0.0,0.0,0.0,10.0,0.0,10.0,10.0,0.0,0.0,10.0,10.0,0.0,10.0,0.0,10.0,0.0,0.0,10.0,0.0,10.0,10.0,10.0,0.0,0.0,0.0,0.0,10.0,0.0,10.0,10.0,10.0,10.0,0.0,0.0,10.0,0.0,0.0,0.0,10.0,0.0,10.0,0.0,10.0,0.0,0.0,10.0,10.0,10.0,0.0,0.0,0.0,10.0,0.0,0.0,0.0,0.0,0.0,10.0,0.0,0.0,0.0,0.0,10.0,10.0,0.0,0.0,0.0,0.0,0.0,0.0,0.0,10.0,0.0,0.0,0.0,10.0,10.0,0.0,10.0,0.0,0.0,0.0,10.0,0.0,0.0,0.0,10.0,10.0,10.0,0.0,0.0,0.0,0.0,0.0,0.0,0.0,0.0,0.0,0.0,0.0,0.0,0.0,0.0,0.0,0.0,10.0,0.0,0.0,0.0,0.0,0.0,0.0,0.0,0.0,0.0,0.0,0.0,0.0,0.0,0.0,0.0,0.0,0.0,0.0,0.0,0.0,0.0,0
UAB 17017,8.0,0.0,7.0,0.0,0.0,3.0,0.0,2.0,0.0,3.0,0.0,0.0,1.0,0.0,1.0,0.0,1.0,0.0,0.0,0.0,1.0,1.0,1.0,4.0,1.0,2.0,1.0,0.0,2.0,4.0,3.0,4.0,1.0,1.0,2.0,6.0,0.0,4.0,0.0,2.0,8.0,5.0,6.0,0.0,0.0,3.0,3.0,8.0,0.0,7.0,7.0,8.0,7.0,4.0,5.0,7.0,8.0,5.0,6.0,9.0,0.0,5.0,0.0,8.0,6.0,0.0,0.0,6.0,8.0,9.0,7.0,0.0,0.0,10.0,6.0,6.0,8.0,5.0,5.0,0.0,8.0,0.0,6.0,7.0,8.0,9.0,0.0,9.0,9.0,9.0,0.0,9.0,10.0,0.0,0.0,8.0,9.0,9.0,8.0,0.0,9.0,0.0,9.0,0.0,9.0,9.0,10.0,10.0,0.0,0.0,10.0,0.0,0.0,10.0,10.0,0.0,10.0,10.0,0.0,9.0,10.0,0.0,9.0,0.0,0.0,10.0,0.0,10.0,10.0,9.0,9.0,0.0,10.0,0.0,10.0,10.0,10.0,9.0,10.0,0.0,0.0,10.0,0.0,0.0,0.0,10.0,0.0,0.0,0.0,10.0,0.0,0.0,0.0,0.0,0.0,0.0,0.0,10.0,0.0,10.0,0.0,0.0,0.0,0.0,0.0,10.0,0.0,0.0,0.0,10.0,10.0,0.0,0.0,10.0,0.0,0.0,0.0,10.0,10.0,0.0,0.0,0.0,10.0,0.0,0.0,0.0,10.0,0.0,0.0,0.0,0.0,10.0,0.0,10.0,10.0,10.0,0.0,0.0,0.0,0.0,0.0,0.0,0.0,0.0,0.0,0.0,10.0,0.0,0.0,0.0,10.0,0.0,10.0,10.0,0.0,0.0,0.0,0.0,0.0,0.0,0.0,10.0,0.0,10.0,0.0,10.0,0.0,0.0,10.0,0.0,0.0,0.0,0.0,0.0,0.0,0.0,0.0,0.0,0.0,0.0,0.0,0.0,0.0,0.0,10.0,0.0,0.0,0.0,0.0,0.0,0.0,0.0,0.0,0.0,0.0,0.0,0.0,0.0,0.0,0.0,0.0,0.0,0.0,0.0,0.0,0.0,0.0,0.0,0.0,0.0,10.0,10.0,0.0,0.0,0.0,0.0,0.0,10.0,0.0,0.0,0.0,10.0,0.0,10.0,0.0,10.0,0.0,0.0,0.0,0.0,0.0,0.0,0
UAB 17018,6.0,0.0,0.0,1.0,2.0,0.0,0.0,0.0,0.0,5.0,0.0,6.0,10.0,0.0,1.0,1.0,10.0,1.0,2.0,0.0,1.0,0.0,0.0,3.0,1.0,0.0,0.0,0.0,2.0,3.0,0.0,3.0,0.0,1.0,0.0,0.0,0.0,4.0,3.0,0.0,10.0,5.0,0.0,3.0,4.0,3.0,3.0,0.0,5.0,7.0,0.0,5.0,0.0,4.0,0.0,0.0,0.0,6.0,6.0,0.0,0.0,0.0,6.0,0.0,0.0,0.0,6.0,0.0,0.0,9.0,7.0,9.0,4.0,9.0,7.0,6.0,7.0,5.0,5.0,7.0,8.0,0.0,10.0,0.0,0.0,0.0,0.0,0.0,0.0,0.0,9.0,0.0,0.0,9.0,0.0,0.0,0.0,0.0,8.0,0.0,9.0,9.0,0.0,0.0,0.0,0.0,0.0,0.0,0.0,0.0,0.0,0.0,0.0,0.0,10.0,0.0,0.0,10.0,10.0,9.0,0.0,0.0,0.0,0.0,0.0,10.0,10.0,0.0,0.0,0.0,0.0,10.0,0.0,0.0,0.0,0.0,0.0,0.0,0.0,10.0,0.0,0.0,0.0,10.0,0.0,0.0,0.0,10.0,0.0,0.0,10.0,0.0,0.0,0.0,0.0,0.0,0.0,0.0,0.0,0.0,0.0,0.0,0.0,0.0,0.0,10.0,0.0,0.0,0.0,0.0,0.0,10.0,0.0,10.0,0.0,0.0,10.0,0.0,0.0,0.0,0.0,0.0,0.0,0.0,0.0,0.0,0.0,0.0,0.0,0.0,0.0,0.0,0.0,0.0,0.0,0.0,0.0,0.0,0.0,0.0,0.0,0.0,0.0,10.0,0.0,0.0,0.0,10.0,0.0,0.0,0.0,10.0,0.0,0.0,0.0,0.0,0.0,0.0,0.0,0.0,0.0,0.0,10.0,0.0,0.0,0.0,0.0,0.0,10.0,0.0,0.0,0.0,0.0,0.0,0.0,0.0,0.0,0.0,0.0,0.0,0.0,0.0,0.0,0.0,0.0,0.0,0.0,0.0,0.0,0.0,0.0,0.0,0.0,0.0,0.0,0.0,0.0,0.0,0.0,0.0,0.0,0.0,0.0,0.0,0.0,0.0,0.0,0.0,0.0,0.0,0.0,0.0,0.0,0.0,0.0,0.0,0.0,0.0,0.0,0.0,0.0,0.0,0.0,0.0,0.0,0.0,0.0,0.0,0.0,0.0,0.0,0.0,0
UAB 17019,10.0,2.0,0.0,1.0,0.0,0.0,1.0,0.0,0.0,0.0,0.0,1.0,1.0,0.0,4.0,0.0,1.0,1.0,1.0,0.0,0.0,2.0,1.0,3.0,1.0,3.0,1.0,0.0,2.0,3.0,3.0,4.0,2.0,1.0,2.0,7.0,4.0,5.0,0.0,0.0,0.0,0.0,7.0,0.0,0.0,3.0,3.0,8.0,0.0,7.0,0.0,0.0,7.0,0.0,0.0,0.0,8.0,6.0,0.0,9.0,5.0,0.0,6.0,8.0,0.0,6.0,0.0,6.0,8.0,10.0,0.0,8.0,0.0,9.0,6.0,0.0,0.0,0.0,0.0,0.0,8.0,0.0,0.0,7.0,0.0,0.0,0.0,0.0,10.0,0.0,8.0,9.0,0.0,10.0,10.0,0.0,0.0,0.0,8.0,0.0,9.0,0.0,0.0,10.0,0.0,0.0,10.0,0.0,0.0,0.0,10.0,0.0,0.0,0.0,0.0,0.0,0.0,10.0,0.0,0.0,10.0,0.0,9.0,0.0,0.0,0.0,0.0,10.0,0.0,9.0,0.0,0.0,0.0,0.0,0.0,0.0,0.0,0.0,0.0,0.0,10.0,0.0,0.0,0.0,10.0,0.0,0.0,0.0,0.0,0.0,0.0,10.0,0.0,0.0,0.0,0.0,0.0,0.0,0.0,0.0,0.0,10.0,0.0,0.0,0.0,0.0,0.0,0.0,0.0,0.0,0.0,0.0,0.0,10.0,0.0,0.0,0.0,0.0,0.0,10.0,10.0,0.0,0.0,0.0,0.0,0.0,0.0,0.0,0.0,10.0,10.0,0.0,0.0,0.0,0.0,0.0,0.0,0.0,10.0,0.0,0.0,0.0,0.0,0.0,0.0,0.0,0.0,0.0,0.0,0.0,0.0,0.0,0.0,0.0,0.0,0.0,0.0,0.0,0.0,0.0,0.0,0.0,0.0,0.0,0.0,0.0,0.0,0.0,0.0,0.0,0.0,0.0,10.0,0.0,0.0,0.0,0.0,0.0,0.0,0.0,0.0,0.0,0.0,0.0,0.0,0.0,0.0,0.0,0.0,0.0,0.0,0.0,0.0,0.0,0.0,0.0,0.0,0.0,0.0,0.0,0.0,0.0,0.0,0.0,0.0,0.0,0.0,0.0,0.0,0.0,0.0,0.0,0.0,0.0,0.0,0.0,0.0,0.0,0.0,0.0,0.0,0.0,0.0,0.0,0.0,0.0,0.0,0.0,0.0,0.0,0.0,0.0,0
UAB 17020,0.0,0.0,0.0,0.0,2.0,0.0,0.0,0.0,4.0,0.0,0.0,10.0,3.0,0.0,0.0,7.0,2.0,0.0,2.0,0.0,0.0,10.0,0.0,3.0,0.0,3.0,1.0,0.0,10.0,3.0,3.0,4.0,4.0,1.0,0.0,0.0,4.0,0.0,0.0,2.0,0.0,0.0,0.0,0.0,0.0,5.0,0.0,0.0,0.0,0.0,0.0,0.0,0.0,0.0,0.0,0.0,0.0,6.0,0.0,0.0,0.0,0.0,0.0,0.0,0.0,6.0,0.0,0.0,0.0,9.0,0.0,10.0,0.0,0.0,7.0,6.0,0.0,0.0,5.0,0.0,8.0,0.0,0.0,0.0,0.0,0.0,0.0,0.0,9.0,0.0,0.0,0.0,0.0,9.0,0.0,0.0,0.0,0.0,8.0,0.0,9.0,0.0,0.0,0.0,0.0,0.0,0.0,10.0,0.0,0.0,0.0,0.0,0.0,0.0,0.0,0.0,0.0,0.0,0.0,0.0,0.0,10.0,10.0,0.0,10.0,0.0,0.0,0.0,10.0,9.0,0.0,0.0,0.0,0.0,0.0,0.0,0.0,0.0,0.0,0.0,0.0,0.0,0.0,0.0,0.0,0.0,0.0,0.0,0.0,0.0,0.0,0.0,0.0,0.0,0.0,0.0,10.0,0.0,0.0,0.0,10.0,10.0,0.0,0.0,0.0,0.0,10.0,0.0,0.0,10.0,0.0,0.0,0.0,0.0,0.0,0.0,0.0,0.0,0.0,0.0,0.0,0.0,0.0,0.0,0.0,0.0,0.0,0.0,0.0,0.0,0.0,0.0,0.0,0.0,0.0,0.0,0.0,0.0,0.0,0.0,0.0,0.0,0.0,0.0,10.0,0.0,0.0,0.0,0.0,10.0,0.0,0.0,0.0,0.0,0.0,0.0,0.0,0.0,0.0,0.0,0.0,0.0,0.0,0.0,0.0,0.0,0.0,0.0,0.0,0.0,0.0,0.0,10.0,0.0,0.0,0.0,0.0,0.0,0.0,0.0,0.0,0.0,0.0,0.0,0.0,0.0,0.0,0.0,0.0,0.0,0.0,0.0,0.0,0.0,0.0,0.0,0.0,0.0,0.0,0.0,0.0,0.0,0.0,0.0,0.0,0.0,0.0,0.0,0.0,0.0,0.0,0.0,0.0,0.0,10.0,0.0,0.0,0.0,0.0,0.0,0.0,0.0,0.0,0.0,0.0,0.0,0.0,0.0,0.0,0.0,0.0,0.0,0
UAB 17021,2.0,0.0,5.0,1.0,1.0,2.0,0.0,0.0,0.0,0.0,0.0,3.0,5.0,0.0,1.0,5.0,1.0,0.0,10.0,9.0,0.0,0.0,1.0,0.0,10.0,5.0,0.0,0.0,6.0,4.0,0.0,5.0,0.0,1.0,0.0,8.0,4.0,4.0,0.0,0.0,0.0,0.0,6.0,0.0,0.0,0.0,3.0,0.0,0.0,0.0,0.0,0.0,8.0,0.0,0.0,0.0,0.0,0.0,0.0,0.0,0.0,0.0,7.0,0.0,7.0,0.0,0.0,0.0,0.0,0.0,0.0,0.0,0.0,0.0,0.0,10.0,0.0,10.0,0.0,0.0,10.0,0.0,0.0,10.0,0.0,0.0,0.0,0.0,0.0,0.0,0.0,0.0,0.0,0.0,0.0,0.0,9.0,0.0,0.0,10.0,0.0,0.0,0.0,0.0,0.0,0.0,0.0,0.0,0.0,0.0,0.0,0.0,0.0,0.0,10.0,0.0,10.0,10.0,0.0,0.0,0.0,0.0,0.0,0.0,0.0,0.0,0.0,0.0,10.0,0.0,0.0,10.0,0.0,10.0,0.0,0.0,0.0,0.0,0.0,0.0,0.0,0.0,0.0,0.0,0.0,0.0,0.0,0.0,0.0,0.0,0.0,0.0,0.0,0.0,0.0,0.0,0.0,0.0,0.0,0.0,10.0,0.0,0.0,0.0,0.0,0.0,0.0,0.0,0.0,0.0,0.0,0.0,0.0,0.0,0.0,0.0,0.0,0.0,0.0,0.0,0.0,0.0,0.0,0.0,0.0,0.0,0.0,0.0,0.0,0.0,0.0,0.0,0.0,0.0,0.0,0.0,0.0,0.0,0.0,0.0,0.0,0.0,10.0,0.0,0.0,0.0,0.0,0.0,0.0,0.0,0.0,0.0,0.0,0.0,0.0,0.0,0.0,0.0,0.0,0.0,0.0,0.0,0.0,0.0,0.0,0.0,0.0,0.0,0.0,0.0,0.0,0.0,0.0,0.0,0.0,0.0,0.0,0.0,0.0,0.0,0.0,0.0,0.0,0.0,0.0,0.0,0.0,0.0,0.0,0.0,0.0,0.0,0.0,0.0,0.0,0.0,0.0,0.0,0.0,0.0,0.0,0.0,0.0,0.0,0.0,0.0,0.0,0.0,0.0,0.0,0.0,0.0,0.0,0.0,0.0,0.0,0.0,0.0,0.0,0.0,0.0,0.0,0.0,0.0,0.0,0.0,0.0,0.0,0.0,0.0,0.0,0.0,0
UAB 17022,9.0,1.0,0.0,1.0,0.0,1.0,0.0,6.0,0.0,1.0,0.0,0.0,1.0,0.0,4.0,1.0,1.0,6.0,0.0,0.0,0.0,1.0,0.0,0.0,1.0,2.0,1.0,0.0,2.0,3.0,3.0,4.0,1.0,1.0,0.0,7.0,4.0,0.0,3.0,2.0,7.0,5.0,7.0,3.0,4.0,0.0,3.0,10.0,5.0,8.0,7.0,0.0,10.0,5.0,5.0,6.0,8.0,6.0,0.0,10.0,0.0,0.0,6.0,8.0,6.0,0.0,0.0,0.0,8.0,9.0,7.0,8.0,0.0,0.0,6.0,0.0,0.0,5.0,5.0,0.0,8.0,0.0,0.0,7.0,8.0,0.0,0.0,0.0,9.0,9.0,8.0,10.0,10.0,9.0,0.0,0.0,0.0,0.0,0.0,7.0,9.0,0.0,0.0,0.0,0.0,9.0,0.0,0.0,0.0,10.0,10.0,0.0,0.0,10.0,10.0,0.0,10.0,10.0,0.0,9.0,0.0,0.0,0.0,0.0,0.0,10.0,0.0,10.0,10.0,9.0,9.0,0.0,0.0,0.0,0.0,10.0,0.0,9.0,0.0,10.0,0.0,0.0,10.0,0.0,0.0,10.0,0.0,0.0,0.0,10.0,0.0,0.0,10.0,0.0,0.0,0.0,10.0,0.0,0.0,0.0,10.0,10.0,10.0,0.0,10.0,0.0,0.0,0.0,0.0,0.0,10.0,10.0,10.0,0.0,0.0,10.0,0.0,10.0,0.0,0.0,10.0,0.0,0.0,0.0,0.0,10.0,0.0,0.0,0.0,0.0,10.0,0.0,0.0,0.0,0.0,0.0,0.0,0.0,0.0,0.0,0.0,0.0,0.0,0.0,0.0,0.0,0.0,0.0,0.0,0.0,0.0,0.0,10.0,0.0,0.0,0.0,10.0,0.0,0.0,0.0,0.0,0.0,0.0,0.0,0.0,0.0,10.0,0.0,0.0,0.0,0.0,0.0,0.0,0.0,0.0,0.0,10.0,0.0,0.0,0.0,10.0,0.0,0.0,0.0,0.0,0.0,0.0,0.0,0.0,0.0,0.0,0.0,0.0,0.0,0.0,0.0,0.0,0.0,0.0,10.0,0.0,0.0,0.0,0.0,0.0,0.0,0.0,0.0,0.0,0.0,0.0,0.0,0.0,0.0,0.0,0.0,0.0,0.0,0.0,0.0,0.0,0.0,0.0,0.0,0.0,0.0,0.0,0.0,0.0,10.0,0.0,0.0,0
UAB 18001,3.0,7.0,0.0,0.0,0.0,0.0,0.0,0.0,0.0,1.0,0.0,0.0,2.0,0.0,3.0,0.0,1.0,1.0,1.0,0.0,10.0,1.0,0.0,9.0,2.0,3.0,1.0,0.0,2.0,10.0,3.0,5.0,0.0,1.0,2.0,7.0,4.0,0.0,0.0,2.0,7.0,5.0,7.0,0.0,0.0,3.0,3.0,7.0,0.0,7.0,9.0,0.0,7.0,4.0,5.0,6.0,9.0,5.0,10.0,9.0,0.0,5.0,6.0,10.0,6.0,6.0,10.0,6.0,8.0,9.0,7.0,0.0,10.0,10.0,6.0,6.0,7.0,5.0,10.0,8.0,8.0,0.0,0.0,7.0,8.0,9.0,6.0,0.0,9.0,9.0,0.0,9.0,10.0,9.0,8.0,0.0,9.0,10.0,8.0,7.0,9.0,0.0,9.0,10.0,9.0,9.0,10.0,10.0,0.0,8.0,10.0,0.0,9.0,10.0,10.0,0.0,10.0,10.0,10.0,10.0,10.0,0.0,9.0,0.0,9.0,10.0,0.0,10.0,10.0,9.0,10.0,0.0,10.0,9.0,10.0,10.0,0.0,9.0,10.0,10.0,10.0,0.0,10.0,0.0,0.0,0.0,0.0,10.0,0.0,10.0,10.0,10.0,0.0,10.0,0.0,10.0,0.0,0.0,0.0,10.0,0.0,10.0,10.0,10.0,10.0,0.0,0.0,10.0,0.0,0.0,10.0,10.0,0.0,10.0,0.0,10.0,0.0,10.0,0.0,10.0,0.0,10.0,10.0,0.0,0.0,10.0,10.0,0.0,0.0,0.0,0.0,10.0,10.0,0.0,0.0,0.0,10.0,10.0,0.0,10.0,10.0,10.0,0.0,0.0,10.0,10.0,10.0,10.0,0.0,0.0,0.0,0.0,10.0,10.0,0.0,0.0,0.0,0.0,0.0,0.0,0.0,10.0,0.0,0.0,0.0,0.0,0.0,0.0,0.0,0.0,0.0,0.0,0.0,10.0,10.0,0.0,0.0,10.0,0.0,0.0,0.0,0.0,10.0,0.0,0.0,10.0,0.0,10.0,10.0,0.0,0.0,10.0,10.0,0.0,0.0,0.0,0.0,0.0,0.0,0.0,10.0,0.0,10.0,10.0,0.0,0.0,0.0,0.0,0.0,0.0,10.0,0.0,0.0,0.0,0.0,0.0,10.0,0.0,10.0,0.0,10.0,0.0,0.0,10.0,0.0,10.0,10.0,0.0,10.0,0.0,0.0,0.0,0
UAB 18002,1.0,0.0,0.0,0.0,1.0,0.0,4.0,0.0,0.0,1.0,0.0,2.0,1.0,1.0,8.0,10.0,4.0,1.0,5.0,10.0,0.0,0.0,1.0,0.0,1.0,3.0,1.0,0.0,10.0,0.0,3.0,3.0,10.0,1.0,0.0,6.0,10.0,0.0,4.0,10.0,7.0,0.0,0.0,5.0,6.0,0.0,3.0,7.0,6.0,0.0,0.0,0.0,0.0,6.0,0.0,0.0,0.0,6.0,0.0,9.0,0.0,0.0,6.0,8.0,6.0,6.0,0.0,6.0,0.0,0.0,8.0,8.0,0.0,9.0,7.0,6.0,0.0,5.0,5.0,7.0,8.0,7.0,0.0,0.0,8.0,0.0,6.0,9.0,10.0,0.0,0.0,0.0,10.0,9.0,0.0,0.0,9.0,0.0,8.0,0.0,9.0,0.0,0.0,10.0,0.0,9.0,0.0,0.0,9.0,0.0,0.0,0.0,0.0,0.0,10.0,0.0,10.0,10.0,0.0,0.0,10.0,0.0,0.0,0.0,9.0,0.0,0.0,0.0,0.0,0.0,0.0,0.0,0.0,10.0,0.0,10.0,0.0,0.0,10.0,10.0,10.0,0.0,0.0,0.0,10.0,0.0,0.0,0.0,0.0,0.0,0.0,0.0,0.0,0.0,0.0,0.0,0.0,10.0,10.0,10.0,10.0,0.0,0.0,0.0,0.0,0.0,0.0,0.0,0.0,0.0,0.0,0.0,0.0,10.0,0.0,0.0,0.0,0.0,0.0,0.0,0.0,0.0,0.0,0.0,0.0,0.0,10.0,0.0,0.0,10.0,0.0,0.0,0.0,0.0,0.0,0.0,0.0,0.0,0.0,0.0,0.0,0.0,0.0,10.0,0.0,0.0,0.0,0.0,0.0,0.0,0.0,0.0,0.0,0.0,0.0,0.0,0.0,10.0,0.0,0.0,0.0,0.0,0.0,0.0,10.0,0.0,0.0,0.0,0.0,0.0,0.0,0.0,0.0,0.0,0.0,10.0,0.0,0.0,0.0,0.0,0.0,0.0,0.0,0.0,0.0,0.0,0.0,0.0,0.0,0.0,0.0,0.0,0.0,0.0,0.0,0.0,0.0,0.0,0.0,0.0,0.0,0.0,0.0,0.0,10.0,0.0,0.0,10.0,0.0,0.0,0.0,0.0,0.0,10.0,0.0,0.0,0.0,0.0,0.0,0.0,0.0,0.0,0.0,0.0,0.0,0.0,0.0,0.0,0.0,0.0,0.0,0.0,0
UAB 18003,4.0,9.0,0.0,0.0,0.0,1.0,0.0,6.0,0.0,3.0,0.0,0.0,0.0,0.0,3.0,0.0,1.0,2.0,0.0,0.0,1.0,1.0,0.0,7.0,2.0,2.0,1.0,0.0,2.0,4.0,3.0,4.0,0.0,1.0,2.0,6.0,4.0,0.0,0.0,2.0,7.0,5.0,7.0,0.0,0.0,3.0,3.0,7.0,0.0,8.0,8.0,0.0,7.0,4.0,5.0,6.0,9.0,6.0,0.0,9.0,0.0,5.0,7.0,8.0,6.0,7.0,0.0,6.0,8.0,10.0,7.0,8.0,0.0,9.0,0.0,6.0,0.0,5.0,5.0,0.0,8.0,0.0,6.0,7.0,8.0,9.0,0.0,0.0,9.0,9.0,8.0,10.0,0.0,9.0,0.0,8.0,0.0,0.0,0.0,7.0,9.0,0.0,9.0,10.0,0.0,9.0,10.0,0.0,0.0,0.0,10.0,0.0,0.0,0.0,10.0,0.0,10.0,10.0,0.0,9.0,0.0,0.0,0.0,0.0,0.0,10.0,0.0,0.0,10.0,9.0,0.0,10.0,10.0,9.0,0.0,10.0,10.0,0.0,10.0,0.0,0.0,0.0,10.0,10.0,0.0,0.0,0.0,10.0,0.0,10.0,0.0,0.0,10.0,0.0,0.0,0.0,10.0,0.0,0.0,10.0,0.0,0.0,0.0,10.0,10.0,0.0,10.0,10.0,10.0,0.0,10.0,10.0,0.0,0.0,0.0,10.0,0.0,10.0,10.0,10.0,0.0,0.0,10.0,0.0,0.0,10.0,10.0,0.0,0.0,0.0,10.0,10.0,0.0,10.0,0.0,10.0,0.0,0.0,0.0,10.0,10.0,0.0,0.0,10.0,10.0,0.0,10.0,0.0,0.0,10.0,10.0,10.0,0.0,0.0,0.0,0.0,0.0,0.0,0.0,0.0,0.0,0.0,0.0,10.0,0.0,0.0,10.0,0.0,0.0,10.0,0.0,0.0,0.0,0.0,0.0,0.0,0.0,0.0,0.0,0.0,0.0,0.0,0.0,0.0,0.0,10.0,0.0,0.0,0.0,0.0,0.0,0.0,0.0,0.0,0.0,10.0,0.0,0.0,0.0,0.0,0.0,0.0,0.0,0.0,0.0,0.0,0.0,0.0,0.0,0.0,0.0,0.0,0.0,0.0,0.0,0.0,0.0,0.0,0.0,0.0,10.0,0.0,10.0,0.0,10.0,0.0,0.0,0.0,0.0,0.0,0.0,0.0,0
UAB 18004,0.0,0.0,0.0,1.0,0.0,0.0,0.0,0.0,10.0,0.0,0.0,0.0,0.0,0.0,0.0,0.0,6.0,8.0,0.0,0.0,0.0,1.0,10.0,0.0,0.0,2.0,1.0,0.0,2.0,0.0,0.0,0.0,0.0,1.0,0.0,0.0,0.0,0.0,0.0,0.0,0.0,0.0,0.0,5.0,5.0,0.0,0.0,0.0,6.0,0.0,0.0,0.0,0.0,6.0,0.0,0.0,0.0,8.0,0.0,0.0,0.0,0.0,0.0,0.0,6.0,0.0,0.0,0.0,0.0,10.0,8.0,8.0,0.0,0.0,7.0,0.0,0.0,0.0,5.0,0.0,0.0,0.0,0.0,0.0,0.0,0.0,0.0,0.0,0.0,0.0,0.0,0.0,0.0,9.0,0.0,0.0,0.0,0.0,8.0,0.0,0.0,0.0,0.0,0.0,0.0,0.0,0.0,0.0,10.0,0.0,0.0,0.0,10.0,0.0,0.0,0.0,0.0,10.0,0.0,0.0,0.0,0.0,9.0,0.0,0.0,0.0,0.0,0.0,0.0,0.0,0.0,0.0,0.0,0.0,0.0,0.0,0.0,0.0,0.0,0.0,0.0,0.0,0.0,0.0,0.0,0.0,0.0,0.0,0.0,0.0,0.0,0.0,0.0,0.0,0.0,0.0,0.0,0.0,0.0,0.0,0.0,0.0,0.0,0.0,0.0,0.0,0.0,0.0,0.0,0.0,0.0,0.0,0.0,0.0,0.0,0.0,0.0,0.0,0.0,0.0,0.0,0.0,10.0,0.0,0.0,0.0,10.0,0.0,0.0,10.0,0.0,0.0,0.0,0.0,0.0,0.0,0.0,0.0,0.0,0.0,0.0,0.0,0.0,0.0,0.0,0.0,0.0,0.0,0.0,0.0,0.0,0.0,0.0,0.0,0.0,0.0,0.0,0.0,0.0,0.0,0.0,0.0,0.0,0.0,0.0,0.0,0.0,0.0,0.0,0.0,0.0,0.0,0.0,0.0,0.0,0.0,0.0,0.0,0.0,0.0,0.0,0.0,0.0,0.0,0.0,0.0,0.0,0.0,0.0,0.0,0.0,0.0,0.0,0.0,0.0,0.0,0.0,0.0,0.0,0.0,0.0,0.0,0.0,0.0,0.0,0.0,0.0,0.0,0.0,0.0,0.0,0.0,0.0,0.0,0.0,0.0,0.0,0.0,0.0,0.0,0.0,0.0,0.0,0.0,0.0,0.0,0.0,0.0,0.0,0.0,0.0,0.0,0
UAB 18005,3.0,0.0,9.0,0.0,0.0,8.0,1.0,0.0,0.0,10.0,0.0,0.0,1.0,0.0,6.0,0.0,1.0,1.0,1.0,0.0,1.0,1.0,1.0,8.0,1.0,2.0,1.0,0.0,2.0,6.0,3.0,3.0,1.0,1.0,2.0,6.0,4.0,4.0,2.0,2.0,10.0,5.0,6.0,0.0,0.0,3.0,3.0,7.0,0.0,7.0,7.0,5.0,7.0,4.0,5.0,7.0,8.0,5.0,6.0,9.0,0.0,5.0,6.0,8.0,6.0,0.0,0.0,6.0,8.0,9.0,7.0,9.0,0.0,10.0,0.0,6.0,8.0,5.0,5.0,7.0,8.0,0.0,6.0,7.0,8.0,9.0,0.0,10.0,9.0,9.0,8.0,9.0,10.0,9.0,0.0,0.0,0.0,9.0,8.0,7.0,9.0,0.0,10.0,10.0,9.0,9.0,10.0,10.0,9.0,8.0,10.0,9.0,9.0,10.0,10.0,0.0,10.0,10.0,0.0,9.0,10.0,0.0,9.0,9.0,0.0,10.0,0.0,10.0,10.0,9.0,9.0,0.0,10.0,9.0,10.0,10.0,10.0,9.0,10.0,0.0,10.0,0.0,0.0,10.0,0.0,10.0,0.0,10.0,10.0,10.0,0.0,0.0,10.0,0.0,0.0,0.0,0.0,10.0,10.0,10.0,10.0,10.0,0.0,10.0,10.0,10.0,0.0,10.0,10.0,0.0,10.0,10.0,0.0,10.0,10.0,10.0,0.0,0.0,10.0,0.0,0.0,10.0,10.0,10.0,10.0,10.0,0.0,0.0,10.0,0.0,0.0,10.0,10.0,10.0,10.0,10.0,10.0,0.0,0.0,10.0,0.0,10.0,10.0,10.0,0.0,10.0,10.0,0.0,10.0,10.0,10.0,0.0,0.0,10.0,0.0,0.0,0.0,0.0,0.0,10.0,10.0,10.0,0.0,10.0,0.0,0.0,10.0,10.0,10.0,10.0,0.0,0.0,0.0,0.0,0.0,0.0,0.0,10.0,0.0,10.0,10.0,10.0,0.0,0.0,10.0,0.0,0.0,10.0,0.0,10.0,10.0,10.0,10.0,0.0,0.0,10.0,0.0,0.0,0.0,0.0,10.0,0.0,0.0,0.0,10.0,0.0,0.0,0.0,10.0,10.0,0.0,0.0,0.0,0.0,0.0,0.0,0.0,10.0,0.0,0.0,10.0,10.0,0.0,0.0,0.0,0.0,10.0,0.0,0.0,0.0,10.0,10.0,0
UAB 18006,4.0,2.0,8.0,0.0,0.0,3.0,0.0,0.0,0.0,2.0,0.0,1.0,5.0,0.0,3.0,0.0,4.0,1.0,0.0,4.0,1.0,1.0,0.0,7.0,2.0,2.0,1.0,0.0,2.0,4.0,3.0,6.0,1.0,1.0,2.0,9.0,4.0,6.0,6.0,2.0,7.0,5.0,6.0,3.0,4.0,3.0,3.0,7.0,5.0,7.0,7.0,0.0,7.0,4.0,5.0,7.0,8.0,0.0,6.0,9.0,5.0,5.0,6.0,8.0,6.0,0.0,0.0,7.0,8.0,9.0,7.0,8.0,0.0,9.0,6.0,6.0,7.0,5.0,5.0,0.0,9.0,7.0,6.0,7.0,8.0,9.0,10.0,9.0,9.0,9.0,8.0,9.0,10.0,10.0,0.0,8.0,0.0,0.0,8.0,7.0,9.0,0.0,9.0,10.0,0.0,10.0,0.0,10.0,9.0,8.0,10.0,9.0,9.0,10.0,10.0,0.0,10.0,10.0,0.0,9.0,10.0,9.0,9.0,0.0,0.0,0.0,0.0,10.0,10.0,9.0,0.0,0.0,10.0,0.0,10.0,10.0,10.0,0.0,10.0,0.0,10.0,0.0,10.0,0.0,0.0,0.0,0.0,10.0,10.0,10.0,0.0,0.0,10.0,0.0,0.0,0.0,0.0,10.0,0.0,10.0,10.0,10.0,0.0,0.0,0.0,10.0,10.0,10.0,10.0,10.0,0.0,10.0,0.0,10.0,0.0,10.0,0.0,10.0,10.0,0.0,10.0,10.0,10.0,10.0,0.0,0.0,10.0,0.0,10.0,0.0,10.0,0.0,10.0,10.0,10.0,10.0,10.0,0.0,0.0,0.0,0.0,10.0,0.0,0.0,0.0,0.0,10.0,10.0,0.0,10.0,10.0,0.0,0.0,10.0,10.0,0.0,10.0,0.0,0.0,10.0,10.0,0.0,0.0,10.0,0.0,10.0,10.0,10.0,10.0,0.0,0.0,0.0,0.0,10.0,0.0,0.0,0.0,0.0,0.0,0.0,0.0,10.0,0.0,0.0,0.0,0.0,0.0,0.0,0.0,0.0,0.0,10.0,10.0,0.0,0.0,10.0,0.0,10.0,0.0,0.0,10.0,0.0,0.0,0.0,0.0,0.0,0.0,0.0,0.0,0.0,10.0,0.0,0.0,0.0,0.0,0.0,0.0,0.0,0.0,0.0,0.0,0.0,0.0,0.0,10.0,0.0,0.0,0.0,0.0,0.0,10.0,0.0,0
UAB 18007,10.0,2.0,1.0,0.0,0.0,1.0,0.0,2.0,0.0,1.0,0.0,0.0,1.0,0.0,3.0,0.0,0.0,0.0,1.0,0.0,0.0,0.0,0.0,8.0,2.0,2.0,1.0,0.0,2.0,4.0,3.0,3.0,0.0,1.0,2.0,6.0,4.0,4.0,0.0,2.0,7.0,5.0,6.0,0.0,0.0,3.0,3.0,9.0,0.0,0.0,7.0,0.0,7.0,5.0,5.0,7.0,8.0,0.0,6.0,10.0,0.0,0.0,6.0,8.0,0.0,0.0,0.0,7.0,0.0,10.0,7.0,0.0,0.0,9.0,0.0,0.0,0.0,0.0,0.0,0.0,8.0,0.0,6.0,7.0,8.0,0.0,0.0,0.0,9.0,0.0,0.0,9.0,10.0,9.0,0.0,0.0,0.0,0.0,0.0,0.0,0.0,0.0,0.0,0.0,9.0,0.0,10.0,0.0,0.0,8.0,10.0,0.0,0.0,10.0,0.0,0.0,0.0,10.0,0.0,9.0,10.0,0.0,0.0,0.0,0.0,10.0,0.0,10.0,10.0,9.0,0.0,0.0,10.0,0.0,0.0,0.0,0.0,0.0,0.0,0.0,0.0,0.0,0.0,0.0,0.0,0.0,0.0,0.0,0.0,10.0,0.0,0.0,0.0,0.0,0.0,0.0,0.0,0.0,0.0,0.0,0.0,0.0,0.0,10.0,0.0,0.0,0.0,0.0,0.0,0.0,10.0,0.0,0.0,10.0,0.0,0.0,0.0,10.0,0.0,10.0,0.0,0.0,0.0,0.0,10.0,0.0,0.0,0.0,0.0,0.0,0.0,0.0,0.0,0.0,0.0,0.0,0.0,0.0,0.0,0.0,0.0,0.0,0.0,0.0,0.0,0.0,10.0,0.0,0.0,0.0,0.0,0.0,0.0,0.0,10.0,0.0,0.0,0.0,0.0,0.0,0.0,0.0,0.0,0.0,0.0,0.0,0.0,0.0,0.0,0.0,0.0,0.0,0.0,0.0,0.0,0.0,0.0,0.0,0.0,0.0,0.0,0.0,0.0,0.0,0.0,0.0,0.0,0.0,0.0,0.0,0.0,0.0,0.0,0.0,0.0,0.0,0.0,0.0,0.0,0.0,0.0,0.0,0.0,0.0,0.0,0.0,0.0,0.0,0.0,0.0,0.0,0.0,0.0,0.0,0.0,0.0,0.0,0.0,0.0,0.0,0.0,0.0,0.0,0.0,0.0,0.0,0.0,0.0,0.0,0.0,0.0,0.0,0
UAB 18008,2.0,9.0,0.0,0.0,0.0,1.0,0.0,4.0,2.0,2.0,0.0,1.0,0.0,8.0,3.0,0.0,1.0,1.0,0.0,0.0,1.0,0.0,1.0,8.0,1.0,2.0,1.0,0.0,2.0,4.0,3.0,4.0,1.0,1.0,0.0,6.0,0.0,0.0,2.0,2.0,7.0,6.0,6.0,0.0,0.0,3.0,3.0,7.0,5.0,7.0,7.0,0.0,0.0,0.0,5.0,0.0,8.0,0.0,6.0,9.0,0.0,5.0,0.0,8.0,6.0,6.0,6.0,6.0,0.0,9.0,7.0,8.0,0.0,0.0,0.0,6.0,0.0,0.0,5.0,0.0,8.0,0.0,0.0,7.0,8.0,0.0,0.0,9.0,9.0,0.0,0.0,0.0,10.0,0.0,0.0,0.0,9.0,9.0,0.0,0.0,0.0,0.0,0.0,10.0,0.0,9.0,10.0,0.0,0.0,0.0,10.0,0.0,0.0,0.0,0.0,0.0,10.0,10.0,10.0,0.0,0.0,0.0,9.0,0.0,0.0,10.0,0.0,10.0,10.0,0.0,0.0,0.0,0.0,0.0,0.0,0.0,0.0,0.0,0.0,10.0,0.0,0.0,10.0,0.0,0.0,0.0,0.0,0.0,0.0,0.0,0.0,0.0,0.0,0.0,0.0,0.0,0.0,0.0,0.0,0.0,0.0,0.0,0.0,10.0,0.0,0.0,0.0,10.0,0.0,0.0,0.0,10.0,0.0,0.0,0.0,0.0,0.0,0.0,0.0,0.0,0.0,0.0,0.0,0.0,0.0,10.0,0.0,0.0,0.0,10.0,0.0,0.0,0.0,0.0,0.0,0.0,10.0,0.0,0.0,0.0,0.0,0.0,0.0,0.0,0.0,10.0,0.0,0.0,0.0,0.0,0.0,0.0,0.0,0.0,0.0,0.0,0.0,0.0,0.0,0.0,0.0,0.0,0.0,0.0,0.0,0.0,0.0,0.0,0.0,0.0,0.0,0.0,0.0,0.0,0.0,0.0,0.0,10.0,0.0,0.0,0.0,0.0,0.0,0.0,0.0,0.0,0.0,0.0,0.0,0.0,0.0,0.0,0.0,0.0,0.0,0.0,0.0,0.0,0.0,0.0,0.0,0.0,0.0,0.0,0.0,0.0,0.0,0.0,0.0,0.0,0.0,0.0,0.0,0.0,0.0,0.0,0.0,0.0,0.0,0.0,0.0,0.0,0.0,0.0,0.0,0.0,0.0,0.0,0.0,0.0,0.0,0.0,0
UAB 18009,6.0,0.0,1.0,0.0,6.0,0.0,3.0,0.0,1.0,3.0,0.0,2.0,0.0,0.0,2.0,2.0,0.0,1.0,1.0,1.0,0.0,1.0,0.0,3.0,1.0,2.0,1.0,0.0,2.0,0.0,3.0,5.0,2.0,1.0,0.0,10.0,4.0,0.0,2.0,2.0,7.0,5.0,6.0,3.0,4.0,3.0,3.0,7.0,5.0,0.0,7.0,5.0,8.0,4.0,5.0,6.0,8.0,0.0,0.0,8.0,5.0,5.0,6.0,8.0,6.0,6.0,0.0,6.0,8.0,9.0,7.0,9.0,0.0,9.0,6.0,6.0,7.0,5.0,5.0,7.0,8.0,0.0,6.0,7.0,8.0,0.0,6.0,0.0,9.0,0.0,0.0,0.0,10.0,9.0,0.0,0.0,9.0,0.0,8.0,7.0,9.0,0.0,0.0,0.0,9.0,9.0,0.0,0.0,9.0,8.0,10.0,0.0,0.0,10.0,10.0,0.0,0.0,10.0,0.0,0.0,10.0,0.0,9.0,0.0,0.0,10.0,0.0,10.0,10.0,9.0,0.0,10.0,10.0,9.0,0.0,10.0,0.0,0.0,0.0,10.0,0.0,10.0,10.0,10.0,10.0,0.0,0.0,10.0,0.0,10.0,0.0,0.0,10.0,0.0,0.0,0.0,0.0,10.0,10.0,10.0,10.0,10.0,0.0,10.0,0.0,10.0,10.0,0.0,10.0,10.0,0.0,10.0,0.0,10.0,0.0,0.0,0.0,10.0,10.0,0.0,0.0,0.0,10.0,10.0,10.0,0.0,10.0,0.0,0.0,0.0,10.0,0.0,0.0,10.0,10.0,0.0,0.0,10.0,0.0,0.0,0.0,0.0,0.0,10.0,10.0,0.0,0.0,0.0,10.0,0.0,0.0,0.0,0.0,10.0,10.0,0.0,0.0,10.0,10.0,0.0,10.0,0.0,0.0,10.0,0.0,10.0,0.0,0.0,0.0,10.0,10.0,0.0,0.0,10.0,0.0,0.0,0.0,0.0,0.0,10.0,0.0,0.0,0.0,0.0,10.0,0.0,0.0,0.0,10.0,10.0,0.0,0.0,0.0,0.0,10.0,0.0,0.0,0.0,0.0,0.0,0.0,0.0,0.0,0.0,0.0,0.0,0.0,0.0,0.0,0.0,10.0,0.0,0.0,0.0,0.0,0.0,0.0,0.0,0.0,0.0,0.0,0.0,0.0,0.0,0.0,0.0,0.0,0.0,0.0,0.0,0.0,0.0,0
UAB 18010,6.0,0.0,0.0,0.0,0.0,2.0,0.0,9.0,0.0,2.0,0.0,0.0,0.0,0.0,3.0,0.0,1.0,0.0,0.0,0.0,1.0,1.0,0.0,3.0,3.0,3.0,1.0,0.0,2.0,4.0,3.0,9.0,1.0,1.0,0.0,8.0,4.0,0.0,2.0,2.0,9.0,10.0,9.0,0.0,4.0,3.0,3.0,7.0,5.0,7.0,8.0,5.0,7.0,4.0,10.0,6.0,9.0,5.0,7.0,10.0,0.0,5.0,6.0,9.0,6.0,0.0,0.0,6.0,8.0,9.0,7.0,8.0,0.0,9.0,6.0,6.0,7.0,5.0,0.0,8.0,8.0,0.0,6.0,7.0,10.0,9.0,0.0,9.0,9.0,9.0,0.0,9.0,10.0,9.0,8.0,10.0,0.0,9.0,8.0,7.0,9.0,0.0,10.0,0.0,9.0,9.0,10.0,10.0,9.0,8.0,10.0,9.0,9.0,10.0,10.0,0.0,10.0,10.0,9.0,9.0,0.0,0.0,9.0,0.0,9.0,10.0,0.0,10.0,10.0,9.0,0.0,10.0,10.0,9.0,10.0,10.0,0.0,9.0,10.0,10.0,0.0,10.0,10.0,0.0,0.0,10.0,0.0,0.0,10.0,10.0,0.0,10.0,0.0,0.0,0.0,10.0,0.0,0.0,10.0,0.0,10.0,10.0,0.0,10.0,10.0,10.0,10.0,10.0,10.0,0.0,10.0,10.0,10.0,0.0,10.0,10.0,0.0,10.0,10.0,10.0,0.0,10.0,0.0,10.0,0.0,10.0,10.0,0.0,10.0,0.0,10.0,10.0,0.0,0.0,0.0,10.0,10.0,0.0,0.0,10.0,0.0,0.0,10.0,10.0,0.0,0.0,0.0,0.0,0.0,10.0,10.0,0.0,0.0,0.0,10.0,10.0,10.0,0.0,0.0,0.0,10.0,0.0,0.0,10.0,0.0,0.0,10.0,0.0,0.0,0.0,0.0,10.0,0.0,10.0,0.0,0.0,0.0,0.0,0.0,10.0,0.0,10.0,0.0,10.0,10.0,0.0,0.0,0.0,0.0,0.0,10.0,0.0,10.0,10.0,0.0,0.0,0.0,0.0,0.0,0.0,10.0,0.0,0.0,10.0,0.0,0.0,10.0,0.0,0.0,0.0,0.0,0.0,0.0,0.0,0.0,0.0,0.0,0.0,0.0,0.0,0.0,0.0,10.0,0.0,10.0,10.0,0.0,0.0,10.0,0.0,0.0,0.0,0
UAB 18011,0.0,0.0,2.0,7.0,0.0,0.0,7.0,0.0,0.0,0.0,10.0,4.0,0.0,0.0,1.0,0.0,0.0,0.0,0.0,0.0,0.0,0.0,0.0,0.0,0.0,0.0,1.0,0.0,0.0,3.0,3.0,0.0,0.0,1.0,10.0,0.0,0.0,0.0,0.0,0.0,0.0,0.0,0.0,0.0,0.0,0.0,0.0,0.0,0.0,0.0,0.0,0.0,0.0,0.0,0.0,6.0,8.0,0.0,0.0,0.0,0.0,0.0,0.0,0.0,0.0,0.0,0.0,0.0,0.0,0.0,0.0,9.0,0.0,9.0,0.0,0.0,0.0,0.0,0.0,0.0,0.0,0.0,0.0,0.0,0.0,0.0,0.0,0.0,9.0,0.0,0.0,0.0,0.0,9.0,0.0,0.0,0.0,0.0,0.0,0.0,0.0,0.0,0.0,0.0,0.0,0.0,0.0,0.0,0.0,0.0,0.0,0.0,0.0,0.0,0.0,0.0,0.0,0.0,0.0,0.0,0.0,0.0,0.0,0.0,0.0,0.0,0.0,0.0,0.0,0.0,0.0,0.0,0.0,0.0,0.0,0.0,0.0,0.0,0.0,0.0,0.0,0.0,0.0,0.0,0.0,0.0,0.0,0.0,0.0,10.0,0.0,0.0,0.0,0.0,0.0,0.0,0.0,0.0,0.0,0.0,0.0,0.0,0.0,0.0,0.0,0.0,0.0,0.0,0.0,0.0,0.0,0.0,0.0,0.0,0.0,0.0,0.0,0.0,0.0,0.0,0.0,0.0,0.0,0.0,0.0,0.0,0.0,0.0,0.0,0.0,0.0,0.0,0.0,0.0,0.0,0.0,0.0,0.0,0.0,0.0,0.0,0.0,0.0,0.0,0.0,0.0,0.0,0.0,0.0,0.0,0.0,0.0,0.0,0.0,0.0,0.0,0.0,0.0,0.0,0.0,0.0,0.0,0.0,0.0,0.0,0.0,0.0,0.0,0.0,0.0,0.0,0.0,0.0,0.0,0.0,0.0,0.0,0.0,0.0,0.0,0.0,0.0,0.0,0.0,0.0,0.0,0.0,0.0,0.0,0.0,0.0,0.0,0.0,0.0,0.0,0.0,0.0,0.0,0.0,0.0,0.0,0.0,0.0,0.0,0.0,0.0,0.0,0.0,0.0,0.0,0.0,0.0,0.0,0.0,0.0,0.0,0.0,0.0,0.0,0.0,0.0,0.0,0.0,0.0,0.0,0.0,0.0,0.0,0.0,0.0,0.0,0.0,0
UAB 18012,3.0,0.0,0.0,0.0,9.0,0.0,10.0,0.0,0.0,0.0,0.0,0.0,8.0,0.0,1.0,1.0,0.0,1.0,0.0,0.0,0.0,3.0,0.0,0.0,1.0,0.0,0.0,0.0,2.0,0.0,6.0,3.0,0.0,1.0,0.0,6.0,4.0,0.0,0.0,2.0,0.0,0.0,7.0,4.0,4.0,3.0,3.0,0.0,5.0,7.0,0.0,0.0,0.0,5.0,0.0,0.0,0.0,0.0,0.0,0.0,0.0,0.0,6.0,0.0,0.0,0.0,0.0,0.0,0.0,0.0,7.0,0.0,0.0,9.0,0.0,6.0,0.0,0.0,0.0,0.0,8.0,0.0,0.0,0.0,0.0,0.0,0.0,0.0,9.0,0.0,8.0,0.0,0.0,0.0,0.0,0.0,0.0,0.0,8.0,0.0,0.0,0.0,0.0,0.0,9.0,0.0,0.0,10.0,0.0,0.0,10.0,9.0,0.0,0.0,10.0,0.0,0.0,0.0,0.0,0.0,10.0,0.0,0.0,0.0,0.0,10.0,0.0,0.0,0.0,0.0,0.0,0.0,0.0,0.0,0.0,0.0,0.0,0.0,0.0,10.0,0.0,0.0,0.0,0.0,0.0,0.0,0.0,0.0,0.0,0.0,0.0,0.0,0.0,0.0,0.0,0.0,0.0,0.0,10.0,0.0,0.0,0.0,0.0,0.0,0.0,0.0,0.0,0.0,0.0,0.0,0.0,0.0,0.0,10.0,0.0,0.0,0.0,0.0,0.0,0.0,0.0,0.0,0.0,0.0,10.0,0.0,0.0,0.0,0.0,0.0,0.0,0.0,0.0,0.0,0.0,0.0,0.0,0.0,0.0,0.0,10.0,0.0,0.0,0.0,0.0,0.0,0.0,0.0,0.0,0.0,0.0,0.0,0.0,0.0,0.0,0.0,0.0,0.0,0.0,0.0,0.0,0.0,0.0,0.0,0.0,0.0,0.0,0.0,0.0,0.0,0.0,0.0,0.0,0.0,0.0,0.0,10.0,0.0,0.0,0.0,0.0,0.0,0.0,0.0,0.0,0.0,0.0,0.0,0.0,0.0,0.0,0.0,0.0,0.0,0.0,0.0,0.0,0.0,0.0,0.0,0.0,0.0,0.0,0.0,0.0,0.0,0.0,0.0,0.0,0.0,0.0,0.0,0.0,0.0,0.0,0.0,0.0,0.0,0.0,0.0,0.0,0.0,0.0,0.0,0.0,0.0,0.0,0.0,0.0,0.0,0.0,0.0,0
UAB 18013,3.0,0.0,0.0,0.0,2.0,0.0,9.0,7.0,0.0,0.0,0.0,0.0,1.0,0.0,3.0,0.0,6.0,8.0,1.0,0.0,0.0,0.0,0.0,0.0,1.0,2.0,0.0,10.0,0.0,0.0,0.0,0.0,0.0,1.0,0.0,7.0,4.0,0.0,0.0,0.0,0.0,0.0,0.0,10.0,10.0,0.0,0.0,0.0,10.0,0.0,0.0,0.0,0.0,10.0,0.0,6.0,0.0,8.0,0.0,0.0,0.0,0.0,0.0,0.0,0.0,0.0,0.0,0.0,10.0,9.0,10.0,0.0,0.0,0.0,10.0,0.0,0.0,0.0,0.0,0.0,8.0,0.0,0.0,0.0,0.0,0.0,0.0,0.0,0.0,0.0,0.0,0.0,0.0,0.0,0.0,0.0,0.0,0.0,0.0,0.0,0.0,0.0,0.0,0.0,9.0,0.0,0.0,0.0,10.0,0.0,0.0,0.0,0.0,0.0,0.0,0.0,0.0,0.0,0.0,0.0,0.0,0.0,0.0,0.0,0.0,0.0,0.0,0.0,0.0,0.0,0.0,0.0,0.0,0.0,0.0,0.0,0.0,0.0,0.0,10.0,0.0,0.0,0.0,0.0,0.0,0.0,0.0,0.0,0.0,0.0,0.0,0.0,0.0,0.0,0.0,0.0,0.0,0.0,0.0,0.0,0.0,0.0,0.0,0.0,0.0,0.0,0.0,0.0,0.0,0.0,0.0,0.0,0.0,0.0,0.0,0.0,0.0,0.0,10.0,0.0,0.0,0.0,10.0,0.0,0.0,0.0,0.0,0.0,0.0,0.0,0.0,0.0,0.0,0.0,0.0,0.0,0.0,0.0,0.0,0.0,0.0,0.0,0.0,0.0,0.0,0.0,0.0,0.0,0.0,0.0,0.0,0.0,0.0,0.0,0.0,0.0,0.0,0.0,0.0,0.0,0.0,0.0,0.0,0.0,0.0,0.0,0.0,0.0,0.0,0.0,0.0,0.0,0.0,0.0,0.0,0.0,0.0,0.0,0.0,0.0,0.0,0.0,0.0,0.0,0.0,0.0,0.0,0.0,0.0,0.0,0.0,0.0,0.0,0.0,0.0,0.0,0.0,0.0,0.0,0.0,0.0,0.0,0.0,0.0,0.0,0.0,0.0,0.0,0.0,0.0,0.0,0.0,0.0,0.0,0.0,0.0,0.0,0.0,0.0,0.0,0.0,0.0,0.0,0.0,0.0,0.0,0.0,0.0,0.0,0.0,0.0,0.0,0
UAB 18014,6.0,4.0,1.0,0.0,0.0,5.0,0.0,1.0,0.0,6.0,0.0,0.0,0.0,0.0,6.0,0.0,1.0,1.0,1.0,0.0,1.0,1.0,0.0,10.0,2.0,3.0,1.0,0.0,2.0,4.0,3.0,3.0,0.0,1.0,2.0,6.0,4.0,4.0,2.0,2.0,8.0,5.0,6.0,0.0,4.0,3.0,3.0,7.0,5.0,7.0,7.0,5.0,7.0,5.0,5.0,6.0,8.0,0.0,7.0,9.0,0.0,5.0,6.0,8.0,6.0,6.0,6.0,7.0,8.0,9.0,7.0,8.0,0.0,9.0,6.0,6.0,7.0,5.0,5.0,7.0,8.0,0.0,6.0,7.0,8.0,9.0,0.0,10.0,9.0,9.0,0.0,9.0,10.0,9.0,8.0,0.0,9.0,9.0,8.0,7.0,9.0,0.0,9.0,0.0,9.0,0.0,10.0,10.0,0.0,0.0,10.0,0.0,0.0,10.0,10.0,0.0,10.0,10.0,10.0,9.0,10.0,0.0,0.0,0.0,0.0,10.0,0.0,10.0,10.0,9.0,0.0,0.0,10.0,0.0,10.0,10.0,10.0,9.0,10.0,0.0,0.0,0.0,10.0,0.0,0.0,10.0,0.0,0.0,0.0,0.0,0.0,0.0,0.0,0.0,0.0,0.0,0.0,0.0,0.0,0.0,10.0,10.0,0.0,10.0,10.0,0.0,0.0,10.0,10.0,0.0,10.0,10.0,0.0,10.0,0.0,0.0,0.0,0.0,10.0,10.0,10.0,0.0,0.0,10.0,10.0,0.0,10.0,0.0,0.0,0.0,0.0,0.0,10.0,0.0,10.0,10.0,10.0,0.0,0.0,10.0,0.0,0.0,0.0,10.0,10.0,10.0,0.0,0.0,0.0,0.0,10.0,0.0,0.0,10.0,0.0,0.0,10.0,0.0,0.0,0.0,0.0,0.0,0.0,0.0,0.0,0.0,0.0,10.0,0.0,10.0,0.0,0.0,0.0,10.0,0.0,0.0,10.0,10.0,0.0,0.0,0.0,10.0,0.0,0.0,0.0,0.0,0.0,0.0,10.0,0.0,0.0,0.0,0.0,0.0,0.0,10.0,0.0,0.0,0.0,0.0,0.0,0.0,0.0,0.0,0.0,0.0,0.0,10.0,0.0,10.0,0.0,0.0,0.0,0.0,0.0,0.0,0.0,0.0,0.0,0.0,0.0,0.0,10.0,0.0,0.0,0.0,10.0,0.0,0.0,0.0,0.0,0.0,0
UAB 18015,4.0,1.0,7.0,0.0,0.0,2.0,0.0,1.0,0.0,5.0,0.0,0.0,0.0,2.0,3.0,0.0,0.0,1.0,1.0,0.0,1.0,1.0,0.0,7.0,2.0,6.0,5.0,0.0,2.0,4.0,7.0,10.0,1.0,1.0,2.0,6.0,8.0,0.0,0.0,2.0,7.0,5.0,6.0,3.0,0.0,3.0,3.0,10.0,0.0,7.0,8.0,10.0,7.0,4.0,8.0,6.0,8.0,5.0,7.0,10.0,0.0,10.0,0.0,9.0,6.0,6.0,6.0,10.0,8.0,9.0,7.0,8.0,4.0,9.0,7.0,6.0,8.0,5.0,5.0,7.0,8.0,0.0,6.0,7.0,8.0,9.0,0.0,10.0,9.0,10.0,8.0,9.0,10.0,9.0,8.0,0.0,9.0,10.0,0.0,0.0,9.0,0.0,10.0,0.0,0.0,9.0,10.0,10.0,0.0,8.0,10.0,9.0,9.0,10.0,10.0,0.0,10.0,10.0,0.0,9.0,0.0,9.0,9.0,0.0,9.0,10.0,0.0,10.0,10.0,0.0,0.0,10.0,10.0,9.0,10.0,10.0,10.0,10.0,0.0,0.0,10.0,0.0,10.0,0.0,10.0,0.0,0.0,10.0,0.0,10.0,10.0,0.0,0.0,0.0,0.0,10.0,0.0,10.0,10.0,0.0,10.0,10.0,10.0,0.0,10.0,0.0,10.0,10.0,10.0,0.0,10.0,10.0,0.0,10.0,0.0,10.0,0.0,0.0,10.0,10.0,10.0,0.0,0.0,0.0,0.0,0.0,10.0,0.0,0.0,0.0,10.0,10.0,0.0,0.0,10.0,0.0,0.0,0.0,0.0,0.0,0.0,0.0,0.0,10.0,10.0,10.0,0.0,10.0,10.0,10.0,0.0,10.0,0.0,0.0,0.0,0.0,10.0,10.0,0.0,10.0,10.0,0.0,0.0,0.0,0.0,10.0,0.0,10.0,0.0,10.0,10.0,0.0,0.0,0.0,0.0,10.0,0.0,0.0,0.0,0.0,0.0,0.0,0.0,10.0,0.0,0.0,0.0,10.0,10.0,0.0,0.0,10.0,10.0,10.0,0.0,10.0,0.0,0.0,10.0,0.0,0.0,0.0,10.0,0.0,10.0,0.0,0.0,0.0,0.0,0.0,0.0,0.0,0.0,0.0,0.0,0.0,10.0,10.0,0.0,0.0,0.0,0.0,0.0,10.0,0.0,0.0,0.0,10.0,0.0,0.0,10.0,0.0,0
UAB 18016,5.0,0.0,4.0,2.0,0.0,1.0,3.0,2.0,0.0,5.0,0.0,1.0,0.0,0.0,5.0,0.0,1.0,2.0,2.0,4.0,0.0,3.0,0.0,5.0,1.0,2.0,1.0,0.0,2.0,3.0,3.0,4.0,1.0,1.0,0.0,7.0,4.0,0.0,3.0,2.0,10.0,6.0,0.0,3.0,4.0,3.0,3.0,8.0,7.0,0.0,7.0,5.0,8.0,5.0,5.0,6.0,8.0,6.0,0.0,9.0,5.0,5.0,7.0,8.0,10.0,10.0,0.0,6.0,10.0,9.0,7.0,8.0,0.0,9.0,7.0,6.0,7.0,5.0,5.0,0.0,8.0,7.0,0.0,0.0,8.0,9.0,6.0,0.0,9.0,0.0,9.0,9.0,10.0,9.0,8.0,0.0,0.0,10.0,0.0,0.0,9.0,0.0,0.0,10.0,0.0,9.0,0.0,0.0,9.0,0.0,10.0,10.0,0.0,0.0,10.0,10.0,10.0,10.0,0.0,9.0,10.0,0.0,9.0,9.0,0.0,10.0,10.0,10.0,10.0,0.0,0.0,10.0,10.0,9.0,0.0,10.0,10.0,9.0,0.0,10.0,10.0,10.0,10.0,10.0,0.0,0.0,10.0,0.0,10.0,0.0,0.0,10.0,0.0,0.0,0.0,0.0,0.0,10.0,0.0,10.0,0.0,10.0,10.0,10.0,0.0,10.0,10.0,10.0,0.0,0.0,0.0,10.0,0.0,0.0,0.0,10.0,0.0,0.0,10.0,0.0,10.0,0.0,0.0,0.0,10.0,10.0,0.0,0.0,0.0,0.0,0.0,0.0,10.0,0.0,0.0,0.0,10.0,10.0,0.0,0.0,0.0,10.0,0.0,0.0,0.0,0.0,0.0,0.0,0.0,0.0,0.0,0.0,0.0,10.0,0.0,0.0,0.0,0.0,0.0,0.0,10.0,0.0,0.0,0.0,0.0,0.0,0.0,10.0,0.0,10.0,0.0,0.0,0.0,10.0,0.0,0.0,0.0,0.0,10.0,0.0,0.0,0.0,0.0,0.0,0.0,0.0,0.0,0.0,0.0,0.0,0.0,0.0,0.0,0.0,0.0,0.0,0.0,0.0,0.0,0.0,0.0,0.0,0.0,10.0,0.0,0.0,0.0,0.0,0.0,0.0,0.0,0.0,0.0,0.0,0.0,0.0,0.0,0.0,0.0,0.0,0.0,0.0,0.0,0.0,0.0,0.0,0.0,0.0,0.0,0.0,0.0,0.0,0
UAB 18017,4.0,0.0,0.0,0.0,5.0,0.0,0.0,0.0,0.0,1.0,0.0,0.0,0.0,0.0,0.0,0.0,10.0,0.0,1.0,0.0,0.0,1.0,0.0,0.0,1.0,0.0,0.0,0.0,0.0,3.0,0.0,4.0,0.0,1.0,0.0,7.0,4.0,5.0,0.0,0.0,7.0,0.0,0.0,6.0,9.0,3.0,0.0,8.0,9.0,0.0,0.0,0.0,7.0,8.0,0.0,6.0,0.0,10.0,0.0,0.0,0.0,0.0,0.0,0.0,0.0,0.0,0.0,0.0,0.0,0.0,9.0,0.0,0.0,0.0,8.0,0.0,0.0,0.0,0.0,0.0,0.0,0.0,0.0,0.0,8.0,0.0,0.0,0.0,0.0,0.0,0.0,10.0,0.0,0.0,0.0,0.0,0.0,0.0,0.0,0.0,0.0,0.0,0.0,0.0,0.0,0.0,0.0,0.0,10.0,0.0,0.0,0.0,0.0,0.0,0.0,0.0,0.0,0.0,0.0,0.0,0.0,0.0,0.0,0.0,0.0,0.0,0.0,0.0,0.0,0.0,0.0,0.0,0.0,0.0,0.0,0.0,0.0,0.0,0.0,0.0,0.0,0.0,0.0,0.0,0.0,0.0,0.0,0.0,0.0,0.0,0.0,0.0,10.0,0.0,0.0,0.0,0.0,0.0,0.0,0.0,0.0,0.0,0.0,0.0,10.0,0.0,0.0,0.0,0.0,0.0,0.0,0.0,0.0,0.0,0.0,0.0,10.0,0.0,0.0,0.0,0.0,0.0,0.0,0.0,0.0,0.0,0.0,0.0,0.0,0.0,0.0,0.0,0.0,0.0,0.0,0.0,0.0,0.0,0.0,0.0,0.0,0.0,0.0,0.0,0.0,0.0,0.0,0.0,0.0,0.0,0.0,0.0,0.0,0.0,0.0,0.0,0.0,0.0,0.0,0.0,0.0,0.0,0.0,0.0,0.0,0.0,0.0,0.0,0.0,0.0,0.0,0.0,0.0,0.0,0.0,0.0,0.0,0.0,0.0,0.0,0.0,0.0,0.0,0.0,0.0,0.0,0.0,0.0,0.0,0.0,0.0,0.0,0.0,0.0,0.0,0.0,0.0,0.0,0.0,0.0,0.0,0.0,0.0,0.0,0.0,0.0,0.0,0.0,0.0,0.0,0.0,0.0,0.0,0.0,0.0,0.0,0.0,0.0,0.0,0.0,0.0,0.0,0.0,0.0,0.0,0.0,0.0,0.0,0.0,0.0,0.0,0.0,0
UAB 18018,1.0,0.0,0.0,10.0,1.0,0.0,0.0,0.0,0.0,0.0,4.0,5.0,3.0,0.0,1.0,0.0,1.0,10.0,4.0,0.0,0.0,1.0,0.0,3.0,1.0,10.0,1.0,0.0,2.0,0.0,3.0,4.0,0.0,1.0,0.0,6.0,4.0,0.0,2.0,2.0,0.0,0.0,6.0,3.0,4.0,0.0,3.0,7.0,5.0,0.0,0.0,0.0,7.0,4.0,5.0,6.0,0.0,6.0,0.0,0.0,6.0,0.0,10.0,0.0,6.0,0.0,0.0,0.0,10.0,9.0,7.0,8.0,0.0,10.0,6.0,6.0,0.0,0.0,0.0,7.0,8.0,10.0,0.0,7.0,0.0,9.0,0.0,0.0,10.0,0.0,10.0,0.0,0.0,9.0,0.0,0.0,0.0,0.0,8.0,0.0,9.0,10.0,0.0,10.0,10.0,0.0,0.0,0.0,0.0,0.0,10.0,0.0,0.0,10.0,10.0,0.0,0.0,10.0,0.0,9.0,0.0,0.0,0.0,10.0,0.0,0.0,0.0,0.0,10.0,0.0,9.0,0.0,0.0,0.0,0.0,0.0,0.0,0.0,0.0,10.0,0.0,0.0,0.0,10.0,0.0,0.0,0.0,0.0,10.0,10.0,0.0,0.0,10.0,0.0,0.0,0.0,0.0,0.0,0.0,10.0,0.0,10.0,0.0,0.0,0.0,0.0,10.0,0.0,0.0,0.0,0.0,0.0,0.0,0.0,0.0,10.0,0.0,0.0,10.0,0.0,0.0,0.0,0.0,0.0,10.0,0.0,0.0,0.0,0.0,0.0,0.0,0.0,0.0,0.0,0.0,10.0,0.0,0.0,0.0,0.0,0.0,0.0,0.0,0.0,0.0,0.0,0.0,10.0,0.0,0.0,0.0,0.0,0.0,0.0,0.0,0.0,0.0,0.0,0.0,0.0,0.0,0.0,0.0,0.0,0.0,0.0,0.0,0.0,0.0,0.0,0.0,10.0,0.0,0.0,0.0,10.0,0.0,0.0,0.0,0.0,0.0,0.0,0.0,0.0,0.0,0.0,0.0,0.0,0.0,0.0,0.0,0.0,0.0,0.0,0.0,0.0,0.0,0.0,0.0,0.0,0.0,0.0,0.0,0.0,0.0,0.0,0.0,0.0,0.0,0.0,0.0,0.0,0.0,0.0,0.0,0.0,0.0,0.0,0.0,0.0,0.0,0.0,0.0,0.0,0.0,0.0,0.0,0.0,0.0,0.0,0.0,0.0,0
UAB 18019,10.0,2.0,0.0,1.0,0.0,0.0,1.0,0.0,0.0,0.0,0.0,1.0,1.0,0.0,4.0,0.0,1.0,1.0,1.0,0.0,0.0,2.0,1.0,0.0,1.0,4.0,1.0,0.0,2.0,3.0,3.0,4.0,2.0,1.0,2.0,7.0,4.0,5.0,0.0,2.0,7.0,0.0,7.0,3.0,0.0,3.0,3.0,8.0,0.0,7.0,7.0,0.0,7.0,0.0,0.0,6.0,8.0,6.0,0.0,9.0,5.0,0.0,7.0,8.0,6.0,6.0,0.0,0.0,8.0,10.0,7.0,8.0,0.0,9.0,0.0,0.0,0.0,0.0,5.0,7.0,8.0,0.0,0.0,7.0,8.0,0.0,0.0,0.0,10.0,0.0,8.0,9.0,0.0,10.0,10.0,0.0,0.0,0.0,8.0,0.0,9.0,0.0,0.0,10.0,9.0,0.0,0.0,0.0,0.0,8.0,10.0,0.0,0.0,0.0,0.0,9.0,0.0,10.0,0.0,9.0,10.0,0.0,9.0,0.0,0.0,10.0,0.0,0.0,10.0,9.0,9.0,0.0,10.0,0.0,0.0,10.0,0.0,0.0,0.0,10.0,10.0,0.0,10.0,0.0,10.0,0.0,0.0,0.0,0.0,0.0,10.0,10.0,0.0,0.0,0.0,0.0,0.0,0.0,0.0,0.0,10.0,10.0,0.0,0.0,0.0,10.0,0.0,0.0,0.0,0.0,0.0,0.0,0.0,0.0,0.0,0.0,0.0,10.0,0.0,0.0,0.0,0.0,0.0,10.0,10.0,0.0,0.0,10.0,10.0,10.0,10.0,0.0,0.0,10.0,0.0,0.0,0.0,10.0,10.0,0.0,0.0,0.0,0.0,0.0,0.0,0.0,0.0,0.0,0.0,0.0,0.0,0.0,0.0,0.0,0.0,0.0,0.0,0.0,0.0,0.0,0.0,0.0,0.0,0.0,0.0,0.0,0.0,0.0,0.0,0.0,10.0,0.0,0.0,0.0,0.0,0.0,0.0,0.0,0.0,0.0,0.0,0.0,0.0,0.0,0.0,0.0,0.0,0.0,0.0,0.0,0.0,0.0,0.0,10.0,0.0,0.0,0.0,0.0,0.0,0.0,0.0,0.0,10.0,0.0,0.0,0.0,0.0,0.0,0.0,0.0,0.0,10.0,0.0,0.0,0.0,0.0,0.0,0.0,0.0,0.0,0.0,0.0,0.0,0.0,0.0,0.0,0.0,0.0,0.0,0.0,0.0,0.0,0
UAB 18020,2.0,4.0,0.0,0.0,0.0,10.0,0.0,3.0,0.0,7.0,0.0,0.0,0.0,0.0,2.0,0.0,1.0,1.0,1.0,0.0,3.0,0.0,0.0,3.0,1.0,3.0,1.0,0.0,2.0,6.0,3.0,4.0,0.0,1.0,2.0,6.0,4.0,0.0,0.0,2.0,7.0,5.0,6.0,0.0,0.0,3.0,3.0,8.0,0.0,9.0,8.0,5.0,8.0,4.0,5.0,6.0,10.0,0.0,8.0,9.0,0.0,6.0,0.0,8.0,0.0,0.0,7.0,6.0,8.0,9.0,7.0,0.0,0.0,9.0,6.0,6.0,8.0,5.0,5.0,0.0,0.0,0.0,6.0,7.0,8.0,9.0,0.0,10.0,9.0,10.0,8.0,9.0,10.0,9.0,0.0,0.0,10.0,9.0,8.0,0.0,9.0,0.0,10.0,0.0,9.0,0.0,10.0,10.0,0.0,0.0,10.0,0.0,9.0,10.0,10.0,0.0,10.0,10.0,10.0,9.0,0.0,0.0,9.0,0.0,0.0,10.0,0.0,0.0,10.0,9.0,9.0,0.0,10.0,0.0,10.0,10.0,0.0,9.0,10.0,0.0,0.0,0.0,10.0,0.0,10.0,0.0,0.0,0.0,0.0,10.0,0.0,10.0,0.0,0.0,0.0,10.0,0.0,0.0,0.0,0.0,0.0,0.0,0.0,10.0,0.0,0.0,0.0,10.0,10.0,0.0,0.0,0.0,0.0,0.0,0.0,0.0,0.0,0.0,10.0,10.0,0.0,0.0,10.0,0.0,10.0,0.0,10.0,0.0,0.0,10.0,10.0,0.0,0.0,0.0,0.0,0.0,10.0,0.0,0.0,10.0,0.0,0.0,0.0,10.0,10.0,10.0,0.0,0.0,0.0,0.0,10.0,0.0,0.0,0.0,10.0,0.0,0.0,0.0,0.0,0.0,0.0,0.0,0.0,0.0,0.0,0.0,10.0,0.0,0.0,0.0,0.0,0.0,0.0,0.0,0.0,0.0,0.0,0.0,0.0,10.0,10.0,0.0,0.0,0.0,0.0,0.0,0.0,10.0,10.0,0.0,0.0,10.0,0.0,0.0,0.0,0.0,0.0,0.0,0.0,0.0,0.0,0.0,0.0,0.0,0.0,0.0,10.0,0.0,0.0,0.0,0.0,0.0,0.0,0.0,0.0,0.0,0.0,0.0,10.0,10.0,0.0,0.0,0.0,0.0,0.0,0.0,0.0,0.0,0.0,0.0,0.0,0.0,0
UAB 18021,7.0,0.0,0.0,2.0,0.0,0.0,2.0,0.0,0.0,0.0,0.0,7.0,7.0,0.0,2.0,0.0,2.0,4.0,4.0,0.0,0.0,2.0,0.0,3.0,1.0,7.0,1.0,0.0,2.0,0.0,10.0,3.0,1.0,1.0,0.0,6.0,4.0,4.0,2.0,0.0,7.0,0.0,7.0,0.0,0.0,3.0,4.0,0.0,0.0,0.0,7.0,0.0,0.0,0.0,0.0,6.0,0.0,6.0,0.0,8.0,0.0,0.0,9.0,0.0,0.0,6.0,0.0,0.0,0.0,9.0,0.0,8.0,0.0,10.0,0.0,6.0,10.0,0.0,5.0,0.0,8.0,0.0,0.0,7.0,0.0,9.0,0.0,9.0,9.0,0.0,0.0,0.0,0.0,0.0,0.0,9.0,0.0,0.0,8.0,0.0,9.0,9.0,0.0,10.0,0.0,0.0,0.0,0.0,0.0,0.0,10.0,0.0,0.0,0.0,0.0,0.0,0.0,10.0,0.0,9.0,0.0,0.0,0.0,0.0,0.0,0.0,0.0,0.0,10.0,0.0,0.0,10.0,0.0,0.0,0.0,0.0,10.0,0.0,0.0,0.0,0.0,0.0,10.0,10.0,0.0,0.0,0.0,0.0,0.0,0.0,0.0,0.0,0.0,0.0,0.0,0.0,0.0,0.0,0.0,0.0,0.0,0.0,0.0,0.0,0.0,0.0,0.0,0.0,0.0,0.0,0.0,0.0,0.0,10.0,0.0,0.0,0.0,0.0,10.0,0.0,10.0,0.0,0.0,0.0,0.0,0.0,0.0,0.0,0.0,0.0,0.0,0.0,10.0,0.0,0.0,0.0,0.0,0.0,0.0,0.0,10.0,10.0,10.0,0.0,10.0,0.0,0.0,0.0,0.0,0.0,0.0,0.0,0.0,0.0,0.0,0.0,0.0,0.0,0.0,0.0,0.0,0.0,0.0,0.0,0.0,0.0,0.0,0.0,0.0,0.0,0.0,0.0,0.0,0.0,0.0,0.0,0.0,0.0,0.0,0.0,0.0,0.0,0.0,0.0,0.0,10.0,0.0,0.0,0.0,0.0,0.0,0.0,0.0,0.0,0.0,0.0,0.0,0.0,0.0,0.0,0.0,0.0,0.0,0.0,0.0,0.0,0.0,0.0,0.0,0.0,0.0,0.0,0.0,0.0,0.0,0.0,0.0,0.0,0.0,0.0,0.0,0.0,0.0,0.0,0.0,0.0,0.0,0.0,0.0,0.0,0.0,0.0,0
CON 01,6.0,2.0,2.0,0.0,0.0,10.0,0.0,0.0,0.0,7.0,0.0,0.0,0.0,0.0,5.0,0.0,1.0,2.0,1.0,0.0,1.0,1.0,0.0,6.0,1.0,2.0,1.0,0.0,2.0,6.0,3.0,4.0,1.0,1.0,2.0,6.0,4.0,6.0,0.0,2.0,7.0,5.0,6.0,0.0,0.0,0.0,3.0,7.0,5.0,0.0,7.0,5.0,7.0,0.0,5.0,6.0,8.0,0.0,6.0,9.0,0.0,5.0,6.0,8.0,6.0,0.0,0.0,6.0,8.0,9.0,7.0,8.0,0.0,9.0,6.0,6.0,7.0,5.0,5.0,10.0,8.0,0.0,6.0,7.0,8.0,9.0,0.0,10.0,9.0,9.0,0.0,9.0,0.0,9.0,0.0,0.0,0.0,9.0,0.0,0.0,9.0,0.0,10.0,0.0,0.0,9.0,10.0,10.0,0.0,0.0,10.0,0.0,9.0,10.0,10.0,0.0,0.0,10.0,0.0,9.0,10.0,0.0,9.0,0.0,0.0,10.0,0.0,10.0,10.0,0.0,0.0,0.0,10.0,0.0,10.0,0.0,0.0,9.0,10.0,0.0,0.0,0.0,0.0,0.0,0.0,0.0,0.0,0.0,0.0,0.0,10.0,0.0,10.0,0.0,0.0,0.0,10.0,10.0,0.0,0.0,0.0,0.0,0.0,0.0,0.0,0.0,0.0,0.0,10.0,0.0,10.0,0.0,0.0,0.0,10.0,0.0,0.0,0.0,0.0,0.0,10.0,0.0,10.0,0.0,0.0,10.0,0.0,0.0,0.0,0.0,0.0,0.0,0.0,0.0,10.0,0.0,10.0,0.0,0.0,10.0,0.0,0.0,0.0,0.0,0.0,0.0,0.0,0.0,10.0,0.0,10.0,0.0,0.0,0.0,0.0,0.0,0.0,0.0,0.0,10.0,0.0,0.0,10.0,10.0,0.0,0.0,0.0,0.0,0.0,10.0,0.0,0.0,0.0,0.0,0.0,0.0,0.0,0.0,0.0,0.0,0.0,0.0,0.0,0.0,0.0,0.0,0.0,10.0,10.0,0.0,0.0,0.0,0.0,0.0,0.0,0.0,0.0,0.0,0.0,0.0,10.0,0.0,0.0,0.0,0.0,0.0,0.0,0.0,10.0,10.0,0.0,0.0,0.0,0.0,0.0,0.0,0.0,0.0,0.0,0.0,0.0,0.0,0.0,0.0,0.0,0.0,0.0,0.0,0.0,0.0,0.0,0.0,1
CON 02,7.0,0.0,2.0,0.0,4.0,0.0,7.0,0.0,0.0,1.0,0.0,2.0,0.0,0.0,2.0,0.0,1.0,1.0,1.0,1.0,1.0,0.0,0.0,4.0,1.0,3.0,0.0,0.0,2.0,4.0,3.0,3.0,1.0,1.0,0.0,6.0,0.0,7.0,10.0,2.0,7.0,5.0,6.0,3.0,4.0,3.0,3.0,7.0,5.0,7.0,7.0,0.0,7.0,5.0,0.0,7.0,8.0,0.0,6.0,9.0,0.0,6.0,0.0,9.0,0.0,0.0,0.0,0.0,9.0,0.0,7.0,9.0,0.0,9.0,0.0,6.0,0.0,5.0,0.0,0.0,0.0,0.0,0.0,0.0,0.0,9.0,0.0,9.0,9.0,0.0,0.0,9.0,10.0,0.0,0.0,0.0,9.0,0.0,8.0,0.0,9.0,0.0,10.0,0.0,9.0,0.0,0.0,10.0,0.0,0.0,10.0,0.0,0.0,0.0,0.0,0.0,0.0,0.0,0.0,0.0,0.0,0.0,0.0,0.0,0.0,0.0,0.0,10.0,10.0,9.0,0.0,10.0,0.0,0.0,0.0,10.0,10.0,0.0,0.0,0.0,0.0,0.0,0.0,0.0,0.0,0.0,0.0,0.0,0.0,0.0,0.0,0.0,0.0,0.0,0.0,0.0,0.0,10.0,10.0,0.0,10.0,10.0,0.0,10.0,0.0,0.0,10.0,0.0,0.0,0.0,0.0,10.0,0.0,10.0,10.0,10.0,0.0,0.0,0.0,10.0,0.0,10.0,0.0,0.0,10.0,0.0,0.0,0.0,0.0,0.0,0.0,0.0,10.0,0.0,0.0,0.0,0.0,10.0,0.0,0.0,0.0,0.0,0.0,0.0,0.0,0.0,0.0,0.0,0.0,0.0,0.0,0.0,0.0,0.0,0.0,0.0,0.0,0.0,0.0,0.0,0.0,0.0,0.0,0.0,0.0,0.0,0.0,0.0,0.0,0.0,0.0,0.0,0.0,0.0,0.0,0.0,0.0,0.0,0.0,0.0,0.0,0.0,0.0,0.0,0.0,0.0,0.0,0.0,0.0,0.0,0.0,0.0,0.0,0.0,0.0,0.0,0.0,0.0,0.0,0.0,0.0,0.0,0.0,0.0,0.0,0.0,0.0,0.0,0.0,0.0,0.0,0.0,0.0,0.0,0.0,0.0,0.0,0.0,0.0,0.0,0.0,0.0,0.0,0.0,0.0,0.0,0.0,0.0,0.0,0.0,0.0,0.0,1
CON 03,10.0,0.0,2.0,0.0,1.0,0.0,3.0,0.0,0.0,0.0,0.0,3.0,0.0,0.0,1.0,4.0,1.0,0.0,0.0,0.0,0.0,1.0,0.0,0.0,1.0,3.0,1.0,0.0,2.0,0.0,3.0,4.0,1.0,1.0,0.0,8.0,4.0,10.0,0.0,2.0,0.0,0.0,9.0,0.0,0.0,3.0,3.0,7.0,5.0,0.0,7.0,0.0,7.0,0.0,5.0,6.0,9.0,0.0,0.0,9.0,0.0,0.0,0.0,10.0,0.0,0.0,0.0,0.0,0.0,0.0,7.0,8.0,0.0,0.0,0.0,6.0,0.0,0.0,5.0,7.0,8.0,0.0,0.0,7.0,8.0,0.0,0.0,0.0,9.0,0.0,0.0,9.0,0.0,0.0,0.0,0.0,0.0,0.0,8.0,7.0,9.0,0.0,0.0,0.0,0.0,0.0,0.0,0.0,0.0,0.0,10.0,0.0,0.0,0.0,10.0,0.0,10.0,0.0,0.0,0.0,0.0,0.0,0.0,0.0,0.0,10.0,0.0,10.0,10.0,0.0,0.0,10.0,0.0,0.0,0.0,0.0,10.0,0.0,0.0,0.0,0.0,0.0,0.0,0.0,0.0,0.0,0.0,0.0,0.0,0.0,0.0,0.0,0.0,0.0,0.0,0.0,0.0,10.0,0.0,0.0,10.0,10.0,0.0,0.0,0.0,0.0,0.0,0.0,10.0,0.0,0.0,0.0,0.0,0.0,0.0,0.0,0.0,0.0,0.0,0.0,0.0,0.0,0.0,10.0,0.0,0.0,0.0,0.0,0.0,0.0,0.0,0.0,0.0,0.0,0.0,0.0,0.0,0.0,0.0,0.0,0.0,0.0,0.0,0.0,10.0,0.0,0.0,0.0,0.0,0.0,0.0,0.0,0.0,0.0,0.0,0.0,0.0,0.0,0.0,0.0,0.0,0.0,0.0,0.0,0.0,0.0,0.0,0.0,0.0,0.0,0.0,0.0,0.0,0.0,0.0,0.0,0.0,0.0,0.0,10.0,0.0,0.0,0.0,0.0,0.0,0.0,0.0,0.0,0.0,0.0,10.0,0.0,0.0,0.0,0.0,0.0,0.0,0.0,0.0,0.0,0.0,0.0,0.0,0.0,0.0,0.0,0.0,0.0,0.0,0.0,0.0,0.0,0.0,0.0,0.0,0.0,0.0,0.0,0.0,0.0,0.0,0.0,0.0,0.0,0.0,0.0,0.0,0.0,0.0,0.0,0.0,0.0,1
CON 04,0.0,2.0,9.0,0.0,8.0,0.0,1.0,1.0,0.0,0.0,5.0,1.0,0.0,0.0,2.0,0.0,1.0,0.0,0.0,1.0,0.0,1.0,0.0,7.0,1.0,0.0,1.0,0.0,2.0,0.0,3.0,3.0,0.0,1.0,0.0,6.0,4.0,0.0,0.0,2.0,6.0,5.0,0.0,0.0,0.0,3.0,3.0,0.0,0.0,0.0,0.0,5.0,0.0,0.0,5.0,0.0,0.0,0.0,0.0,8.0,0.0,5.0,0.0,8.0,6.0,0.0,0.0,6.0,0.0,0.0,7.0,8.0,0.0,9.0,0.0,6.0,0.0,0.0,5.0,0.0,8.0,0.0,6.0,7.0,0.0,0.0,0.0,0.0,9.0,0.0,0.0,0.0,0.0,0.0,0.0,0.0,0.0,0.0,8.0,0.0,9.0,0.0,0.0,0.0,0.0,0.0,0.0,0.0,0.0,0.0,0.0,0.0,0.0,0.0,0.0,0.0,0.0,10.0,0.0,0.0,10.0,0.0,9.0,0.0,0.0,0.0,0.0,10.0,10.0,0.0,9.0,0.0,10.0,0.0,0.0,10.0,0.0,0.0,0.0,10.0,0.0,10.0,0.0,0.0,0.0,0.0,0.0,10.0,0.0,10.0,0.0,0.0,0.0,0.0,0.0,0.0,0.0,10.0,10.0,0.0,10.0,0.0,0.0,0.0,0.0,0.0,0.0,10.0,0.0,0.0,0.0,10.0,0.0,10.0,0.0,10.0,0.0,0.0,0.0,0.0,0.0,0.0,10.0,0.0,0.0,0.0,10.0,0.0,0.0,0.0,0.0,0.0,0.0,0.0,0.0,0.0,0.0,0.0,0.0,0.0,0.0,0.0,0.0,10.0,0.0,0.0,10.0,0.0,0.0,0.0,0.0,0.0,0.0,0.0,0.0,0.0,0.0,0.0,0.0,0.0,0.0,0.0,0.0,10.0,0.0,0.0,10.0,0.0,0.0,0.0,0.0,0.0,0.0,10.0,0.0,0.0,0.0,0.0,0.0,0.0,0.0,0.0,0.0,0.0,0.0,0.0,0.0,0.0,0.0,10.0,0.0,0.0,0.0,10.0,0.0,0.0,0.0,0.0,0.0,0.0,0.0,0.0,0.0,0.0,0.0,0.0,0.0,0.0,0.0,0.0,0.0,0.0,0.0,0.0,0.0,0.0,0.0,0.0,0.0,0.0,0.0,0.0,0.0,0.0,0.0,0.0,0.0,0.0,0.0,0.0,0.0,0.0,1
CON 05,8.0,2.0,0.0,0.0,0.0,1.0,0.0,0.0,0.0,5.0,0.0,0.0,1.0,1.0,9.0,0.0,1.0,0.0,0.0,0.0,0.0,0.0,0.0,3.0,2.0,2.0,1.0,0.0,2.0,4.0,3.0,4.0,0.0,1.0,2.0,6.0,0.0,0.0,0.0,2.0,7.0,5.0,10.0,0.0,0.0,3.0,3.0,8.0,0.0,7.0,10.0,0.0,7.0,0.0,5.0,6.0,10.0,0.0,0.0,9.0,0.0,5.0,0.0,9.0,6.0,0.0,0.0,6.0,8.0,10.0,7.0,0.0,0.0,9.0,6.0,6.0,7.0,5.0,5.0,0.0,0.0,0.0,6.0,7.0,8.0,9.0,0.0,9.0,9.0,9.0,0.0,10.0,10.0,9.0,8.0,8.0,0.0,0.0,0.0,0.0,9.0,0.0,0.0,0.0,9.0,9.0,10.0,0.0,0.0,0.0,10.0,0.0,9.0,10.0,10.0,0.0,10.0,10.0,0.0,9.0,10.0,0.0,0.0,0.0,9.0,10.0,0.0,10.0,10.0,9.0,0.0,0.0,10.0,0.0,0.0,10.0,0.0,0.0,10.0,0.0,0.0,0.0,10.0,0.0,0.0,0.0,0.0,10.0,0.0,10.0,0.0,10.0,0.0,0.0,0.0,0.0,0.0,10.0,10.0,0.0,0.0,10.0,0.0,0.0,0.0,0.0,0.0,10.0,0.0,0.0,10.0,0.0,0.0,0.0,0.0,10.0,0.0,10.0,0.0,10.0,0.0,0.0,10.0,0.0,0.0,0.0,10.0,0.0,0.0,0.0,10.0,10.0,10.0,0.0,0.0,10.0,10.0,0.0,0.0,0.0,0.0,0.0,0.0,0.0,0.0,0.0,10.0,10.0,10.0,10.0,10.0,10.0,10.0,0.0,10.0,10.0,0.0,0.0,0.0,0.0,0.0,0.0,0.0,0.0,0.0,0.0,0.0,10.0,0.0,0.0,0.0,0.0,0.0,10.0,0.0,0.0,0.0,0.0,0.0,0.0,10.0,0.0,0.0,0.0,10.0,0.0,0.0,0.0,0.0,0.0,0.0,0.0,0.0,0.0,0.0,0.0,0.0,0.0,0.0,10.0,0.0,0.0,0.0,0.0,0.0,0.0,0.0,0.0,0.0,0.0,0.0,0.0,0.0,0.0,0.0,0.0,0.0,0.0,0.0,0.0,10.0,0.0,0.0,0.0,10.0,0.0,10.0,0.0,0.0,0.0,0.0,0.0,1
CON 06,7.0,0.0,2.0,0.0,0.0,4.0,0.0,0.0,0.0,3.0,0.0,0.0,0.0,10.0,2.0,0.0,1.0,0.0,1.0,0.0,0.0,0.0,1.0,4.0,2.0,3.0,1.0,0.0,2.0,4.0,3.0,4.0,1.0,1.0,2.0,7.0,4.0,4.0,0.0,2.0,7.0,9.0,6.0,0.0,0.0,3.0,3.0,8.0,0.0,7.0,7.0,8.0,8.0,4.0,6.0,6.0,8.0,0.0,6.0,9.0,0.0,6.0,0.0,10.0,6.0,6.0,0.0,7.0,8.0,9.0,7.0,0.0,0.0,9.0,6.0,6.0,9.0,5.0,5.0,7.0,8.0,0.0,0.0,7.0,8.0,9.0,0.0,0.0,9.0,9.0,0.0,9.0,10.0,0.0,0.0,8.0,0.0,9.0,8.0,0.0,9.0,9.0,0.0,0.0,0.0,9.0,10.0,10.0,0.0,8.0,10.0,0.0,9.0,10.0,10.0,0.0,10.0,10.0,0.0,9.0,10.0,9.0,9.0,0.0,0.0,10.0,0.0,10.0,10.0,0.0,9.0,0.0,10.0,0.0,10.0,10.0,10.0,9.0,10.0,10.0,0.0,0.0,10.0,0.0,0.0,10.0,0.0,10.0,0.0,10.0,0.0,0.0,10.0,0.0,0.0,10.0,0.0,0.0,0.0,10.0,10.0,10.0,0.0,10.0,10.0,0.0,0.0,0.0,10.0,10.0,10.0,10.0,10.0,0.0,10.0,10.0,0.0,10.0,10.0,10.0,10.0,0.0,10.0,10.0,10.0,10.0,10.0,0.0,0.0,0.0,10.0,10.0,0.0,10.0,10.0,0.0,10.0,0.0,0.0,10.0,0.0,0.0,0.0,0.0,0.0,10.0,0.0,0.0,0.0,0.0,0.0,0.0,10.0,10.0,0.0,10.0,0.0,10.0,0.0,0.0,0.0,10.0,10.0,10.0,10.0,10.0,0.0,0.0,0.0,0.0,0.0,0.0,0.0,0.0,10.0,10.0,0.0,10.0,0.0,0.0,10.0,10.0,0.0,0.0,0.0,0.0,0.0,0.0,0.0,0.0,0.0,0.0,0.0,0.0,0.0,0.0,0.0,10.0,0.0,0.0,0.0,0.0,10.0,0.0,0.0,0.0,10.0,0.0,0.0,0.0,0.0,0.0,0.0,0.0,0.0,0.0,0.0,0.0,0.0,0.0,10.0,10.0,0.0,0.0,0.0,0.0,0.0,0.0,0.0,0.0,0.0,0.0,1
CON 07,1.0,10.0,0.0,0.0,0.0,1.0,0.0,4.0,1.0,2.0,0.0,0.0,0.0,9.0,2.0,0.0,1.0,0.0,0.0,0.0,0.0,1.0,0.0,7.0,1.0,2.0,1.0,0.0,2.0,3.0,3.0,4.0,0.0,1.0,2.0,6.0,0.0,0.0,2.0,2.0,7.0,8.0,6.0,0.0,0.0,3.0,3.0,7.0,0.0,7.0,7.0,5.0,7.0,0.0,5.0,6.0,8.0,0.0,6.0,9.0,0.0,5.0,0.0,8.0,6.0,0.0,6.0,0.0,0.0,9.0,7.0,8.0,0.0,9.0,0.0,6.0,0.0,5.0,5.0,0.0,8.0,0.0,0.0,7.0,8.0,0.0,0.0,10.0,9.0,9.0,0.0,0.0,10.0,0.0,0.0,0.0,9.0,0.0,8.0,0.0,0.0,0.0,0.0,0.0,0.0,0.0,10.0,10.0,0.0,0.0,10.0,0.0,0.0,0.0,0.0,0.0,0.0,0.0,0.0,9.0,0.0,0.0,0.0,0.0,9.0,10.0,0.0,0.0,10.0,9.0,0.0,0.0,10.0,0.0,0.0,10.0,0.0,0.0,10.0,0.0,0.0,0.0,10.0,0.0,0.0,0.0,0.0,0.0,0.0,10.0,0.0,0.0,0.0,0.0,0.0,0.0,0.0,0.0,0.0,0.0,0.0,0.0,0.0,0.0,0.0,0.0,0.0,10.0,0.0,0.0,0.0,10.0,0.0,0.0,0.0,10.0,0.0,10.0,0.0,0.0,0.0,0.0,0.0,0.0,0.0,0.0,0.0,0.0,0.0,0.0,10.0,10.0,0.0,0.0,0.0,0.0,0.0,0.0,0.0,10.0,0.0,0.0,0.0,0.0,0.0,0.0,10.0,0.0,0.0,0.0,0.0,0.0,0.0,0.0,0.0,0.0,0.0,10.0,0.0,0.0,0.0,0.0,0.0,0.0,0.0,0.0,10.0,0.0,0.0,0.0,0.0,0.0,0.0,0.0,0.0,0.0,0.0,0.0,0.0,0.0,0.0,0.0,0.0,0.0,10.0,0.0,0.0,0.0,0.0,0.0,0.0,0.0,0.0,0.0,0.0,0.0,0.0,0.0,0.0,0.0,0.0,0.0,10.0,0.0,0.0,0.0,10.0,0.0,0.0,0.0,0.0,0.0,0.0,0.0,0.0,0.0,0.0,0.0,0.0,10.0,0.0,0.0,0.0,0.0,0.0,0.0,0.0,0.0,0.0,0.0,0.0,0.0,1
CON 08,8.0,0.0,5.0,3.0,0.0,0.0,0.0,0.0,0.0,0.0,0.0,10.0,0.0,1.0,1.0,1.0,0.0,2.0,0.0,0.0,0.0,0.0,0.0,3.0,1.0,0.0,1.0,0.0,2.0,0.0,0.0,3.0,0.0,1.0,0.0,6.0,0.0,0.0,0.0,2.0,6.0,0.0,0.0,3.0,4.0,3.0,3.0,7.0,5.0,7.0,0.0,0.0,0.0,5.0,0.0,0.0,8.0,0.0,0.0,9.0,10.0,0.0,0.0,0.0,6.0,0.0,0.0,6.0,0.0,9.0,7.0,8.0,0.0,0.0,7.0,6.0,0.0,0.0,0.0,0.0,0.0,0.0,0.0,0.0,0.0,0.0,0.0,0.0,0.0,0.0,8.0,0.0,0.0,9.0,0.0,0.0,9.0,0.0,0.0,0.0,0.0,0.0,0.0,0.0,0.0,0.0,0.0,0.0,0.0,0.0,10.0,0.0,0.0,0.0,0.0,0.0,0.0,0.0,0.0,0.0,0.0,0.0,0.0,0.0,0.0,0.0,0.0,0.0,0.0,0.0,0.0,0.0,0.0,0.0,0.0,0.0,0.0,0.0,0.0,0.0,0.0,0.0,0.0,0.0,0.0,0.0,0.0,0.0,0.0,0.0,0.0,0.0,0.0,0.0,0.0,0.0,0.0,0.0,0.0,10.0,0.0,0.0,0.0,0.0,0.0,0.0,0.0,0.0,0.0,0.0,0.0,0.0,0.0,0.0,0.0,0.0,0.0,0.0,0.0,0.0,0.0,0.0,0.0,10.0,0.0,0.0,0.0,0.0,0.0,0.0,0.0,0.0,0.0,0.0,0.0,0.0,0.0,0.0,0.0,0.0,0.0,0.0,0.0,0.0,0.0,0.0,0.0,0.0,0.0,0.0,0.0,0.0,0.0,10.0,0.0,0.0,0.0,0.0,0.0,0.0,0.0,0.0,0.0,0.0,0.0,0.0,0.0,0.0,0.0,0.0,0.0,0.0,0.0,0.0,10.0,0.0,0.0,0.0,0.0,0.0,0.0,0.0,0.0,0.0,0.0,0.0,0.0,0.0,0.0,0.0,0.0,0.0,0.0,0.0,0.0,0.0,0.0,0.0,0.0,0.0,0.0,0.0,0.0,0.0,0.0,0.0,0.0,0.0,0.0,0.0,0.0,0.0,0.0,0.0,0.0,0.0,0.0,0.0,0.0,0.0,0.0,0.0,0.0,0.0,0.0,0.0,0.0,0.0,0.0,0.0,0.0,0.0,1
CON 09,10.0,2.0,0.0,0.0,1.0,0.0,1.0,0.0,0.0,0.0,0.0,0.0,1.0,0.0,10.0,0.0,1.0,0.0,0.0,0.0,0.0,5.0,1.0,0.0,1.0,0.0,0.0,0.0,0.0,0.0,0.0,4.0,0.0,1.0,0.0,8.0,0.0,4.0,0.0,2.0,7.0,0.0,6.0,0.0,0.0,3.0,3.0,7.0,0.0,7.0,7.0,0.0,8.0,0.0,5.0,0.0,0.0,0.0,0.0,8.0,0.0,0.0,0.0,8.0,0.0,0.0,0.0,6.0,8.0,9.0,0.0,0.0,0.0,9.0,0.0,0.0,0.0,5.0,0.0,0.0,8.0,0.0,0.0,0.0,8.0,10.0,0.0,0.0,10.0,0.0,0.0,0.0,0.0,0.0,0.0,0.0,0.0,0.0,0.0,0.0,0.0,0.0,0.0,0.0,0.0,0.0,0.0,0.0,0.0,0.0,10.0,0.0,0.0,0.0,0.0,0.0,0.0,10.0,0.0,0.0,10.0,0.0,9.0,0.0,0.0,10.0,0.0,0.0,0.0,0.0,0.0,0.0,0.0,0.0,0.0,0.0,0.0,0.0,0.0,0.0,0.0,0.0,0.0,0.0,10.0,0.0,0.0,0.0,0.0,0.0,0.0,0.0,0.0,0.0,0.0,0.0,0.0,0.0,0.0,0.0,0.0,0.0,0.0,0.0,0.0,0.0,0.0,0.0,10.0,0.0,0.0,0.0,0.0,0.0,0.0,0.0,0.0,0.0,0.0,0.0,0.0,0.0,0.0,10.0,0.0,0.0,0.0,0.0,0.0,0.0,0.0,0.0,0.0,0.0,0.0,10.0,0.0,0.0,0.0,0.0,0.0,0.0,0.0,0.0,0.0,0.0,0.0,0.0,0.0,0.0,0.0,0.0,0.0,0.0,0.0,0.0,0.0,0.0,0.0,0.0,0.0,0.0,0.0,0.0,0.0,0.0,0.0,0.0,0.0,0.0,0.0,0.0,0.0,0.0,0.0,0.0,0.0,0.0,0.0,0.0,0.0,0.0,0.0,0.0,0.0,0.0,0.0,0.0,0.0,0.0,0.0,0.0,0.0,0.0,0.0,0.0,0.0,0.0,0.0,0.0,0.0,10.0,0.0,0.0,0.0,0.0,0.0,0.0,0.0,0.0,0.0,0.0,0.0,0.0,0.0,0.0,0.0,0.0,0.0,0.0,0.0,0.0,0.0,0.0,0.0,0.0,0.0,0.0,0.0,0.0,0.0,0.0,1
CON 10,2.0,3.0,0.0,0.0,0.0,10.0,0.0,4.0,0.0,6.0,0.0,0.0,0.0,0.0,2.0,0.0,0.0,0.0,1.0,0.0,2.0,1.0,0.0,3.0,1.0,3.0,1.0,0.0,2.0,7.0,3.0,3.0,1.0,1.0,2.0,6.0,4.0,4.0,2.0,2.0,7.0,5.0,6.0,0.0,0.0,3.0,3.0,8.0,0.0,10.0,8.0,5.0,8.0,5.0,5.0,6.0,10.0,0.0,8.0,9.0,0.0,6.0,0.0,8.0,6.0,6.0,7.0,6.0,8.0,9.0,7.0,8.0,0.0,9.0,0.0,0.0,8.0,5.0,0.0,0.0,8.0,0.0,6.0,7.0,8.0,9.0,6.0,10.0,9.0,10.0,0.0,0.0,10.0,0.0,0.0,0.0,10.0,9.0,0.0,0.0,9.0,0.0,10.0,0.0,0.0,0.0,10.0,10.0,0.0,8.0,10.0,9.0,9.0,10.0,10.0,0.0,10.0,10.0,10.0,9.0,0.0,0.0,9.0,0.0,0.0,10.0,0.0,10.0,10.0,9.0,9.0,0.0,10.0,0.0,10.0,10.0,0.0,9.0,10.0,0.0,0.0,10.0,10.0,10.0,0.0,0.0,0.0,0.0,0.0,10.0,0.0,10.0,0.0,0.0,0.0,10.0,0.0,0.0,0.0,0.0,0.0,0.0,0.0,0.0,10.0,0.0,10.0,10.0,10.0,10.0,0.0,10.0,0.0,0.0,0.0,10.0,0.0,0.0,0.0,0.0,0.0,0.0,0.0,0.0,0.0,10.0,10.0,0.0,0.0,0.0,10.0,0.0,0.0,0.0,0.0,10.0,0.0,0.0,0.0,10.0,0.0,0.0,0.0,10.0,0.0,10.0,0.0,0.0,0.0,0.0,0.0,0.0,0.0,0.0,0.0,0.0,0.0,0.0,0.0,0.0,0.0,0.0,0.0,0.0,0.0,0.0,0.0,0.0,0.0,10.0,0.0,0.0,0.0,0.0,0.0,0.0,0.0,10.0,0.0,0.0,10.0,0.0,0.0,0.0,0.0,0.0,0.0,10.0,0.0,0.0,0.0,10.0,0.0,0.0,0.0,0.0,10.0,0.0,0.0,10.0,10.0,0.0,10.0,0.0,0.0,0.0,0.0,0.0,0.0,0.0,0.0,0.0,10.0,0.0,0.0,0.0,0.0,0.0,0.0,0.0,0.0,0.0,0.0,0.0,0.0,0.0,0.0,0.0,0.0,0.0,0.0,0.0,1
CON 11,7.0,0.0,6.0,3.0,0.0,0.0,0.0,0.0,0.0,0.0,0.0,9.0,0.0,1.0,1.0,1.0,0.0,2.0,0.0,0.0,0.0,0.0,0.0,3.0,1.0,2.0,1.0,0.0,2.0,0.0,0.0,3.0,0.0,1.0,0.0,0.0,0.0,0.0,0.0,2.0,0.0,0.0,0.0,3.0,4.0,0.0,0.0,7.0,5.0,7.0,0.0,5.0,0.0,0.0,0.0,0.0,8.0,0.0,0.0,0.0,9.0,0.0,0.0,0.0,0.0,0.0,0.0,6.0,0.0,0.0,0.0,8.0,0.0,0.0,0.0,6.0,0.0,0.0,0.0,0.0,0.0,0.0,0.0,0.0,0.0,0.0,0.0,0.0,0.0,9.0,0.0,0.0,0.0,0.0,0.0,0.0,0.0,0.0,0.0,0.0,0.0,0.0,0.0,0.0,0.0,0.0,0.0,0.0,0.0,0.0,0.0,0.0,0.0,0.0,0.0,0.0,0.0,0.0,0.0,0.0,0.0,0.0,0.0,0.0,0.0,0.0,0.0,0.0,0.0,0.0,0.0,0.0,0.0,0.0,0.0,0.0,0.0,0.0,0.0,0.0,0.0,0.0,0.0,0.0,0.0,0.0,0.0,0.0,0.0,0.0,0.0,0.0,0.0,0.0,0.0,0.0,0.0,0.0,0.0,0.0,0.0,0.0,0.0,0.0,0.0,0.0,0.0,0.0,0.0,0.0,0.0,0.0,0.0,0.0,0.0,0.0,0.0,0.0,0.0,0.0,0.0,0.0,0.0,0.0,0.0,0.0,0.0,0.0,10.0,0.0,0.0,0.0,0.0,0.0,0.0,0.0,0.0,0.0,0.0,0.0,0.0,0.0,0.0,0.0,0.0,0.0,0.0,0.0,0.0,0.0,0.0,0.0,0.0,0.0,0.0,0.0,0.0,0.0,0.0,0.0,0.0,0.0,0.0,0.0,0.0,0.0,0.0,0.0,0.0,0.0,0.0,0.0,0.0,0.0,0.0,0.0,0.0,0.0,0.0,0.0,0.0,0.0,0.0,0.0,0.0,0.0,0.0,0.0,0.0,0.0,0.0,0.0,0.0,0.0,0.0,0.0,0.0,0.0,0.0,0.0,0.0,0.0,0.0,0.0,0.0,0.0,0.0,0.0,0.0,0.0,0.0,0.0,0.0,0.0,0.0,0.0,0.0,0.0,0.0,0.0,0.0,0.0,0.0,0.0,0.0,0.0,0.0,0.0,0.0,0.0,0.0,0.0,1
CON 12,2.0,4.0,0.0,0.0,0.0,10.0,0.0,3.0,0.0,6.0,0.0,0.0,0.0,0.0,2.0,0.0,0.0,1.0,1.0,0.0,2.0,1.0,0.0,3.0,1.0,3.0,1.0,0.0,2.0,6.0,3.0,4.0,1.0,1.0,2.0,6.0,4.0,0.0,0.0,2.0,7.0,5.0,6.0,0.0,0.0,3.0,3.0,8.0,0.0,9.0,8.0,5.0,8.0,4.0,5.0,6.0,9.0,0.0,8.0,9.0,0.0,5.0,0.0,8.0,0.0,0.0,7.0,6.0,0.0,9.0,7.0,0.0,4.0,9.0,6.0,0.0,7.0,0.0,0.0,7.0,0.0,0.0,6.0,0.0,0.0,0.0,0.0,10.0,0.0,9.0,8.0,0.0,10.0,0.0,8.0,0.0,10.0,9.0,0.0,0.0,9.0,0.0,10.0,0.0,0.0,0.0,10.0,10.0,0.0,0.0,0.0,0.0,0.0,10.0,10.0,0.0,10.0,10.0,10.0,0.0,0.0,0.0,9.0,0.0,0.0,10.0,0.0,10.0,10.0,9.0,9.0,0.0,10.0,0.0,10.0,10.0,0.0,9.0,10.0,0.0,0.0,10.0,10.0,0.0,0.0,0.0,0.0,0.0,0.0,10.0,0.0,0.0,0.0,0.0,0.0,10.0,0.0,0.0,0.0,0.0,0.0,0.0,10.0,0.0,10.0,0.0,0.0,0.0,0.0,0.0,10.0,0.0,0.0,0.0,10.0,0.0,0.0,0.0,10.0,0.0,0.0,0.0,0.0,0.0,0.0,0.0,0.0,0.0,0.0,0.0,0.0,0.0,0.0,0.0,0.0,0.0,0.0,0.0,0.0,0.0,0.0,0.0,0.0,0.0,0.0,10.0,0.0,0.0,0.0,0.0,10.0,0.0,0.0,0.0,0.0,0.0,0.0,0.0,0.0,0.0,0.0,0.0,10.0,0.0,0.0,0.0,0.0,0.0,0.0,0.0,0.0,0.0,0.0,0.0,0.0,0.0,0.0,10.0,0.0,0.0,0.0,0.0,0.0,0.0,0.0,0.0,0.0,0.0,0.0,0.0,0.0,0.0,0.0,0.0,0.0,0.0,0.0,0.0,0.0,0.0,0.0,0.0,0.0,0.0,0.0,0.0,0.0,0.0,0.0,0.0,0.0,0.0,0.0,0.0,0.0,0.0,0.0,0.0,10.0,0.0,0.0,0.0,0.0,0.0,0.0,0.0,0.0,10.0,0.0,0.0,0.0,10.0,1
CON 13,6.0,0.0,4.0,2.0,0.0,1.0,3.0,2.0,0.0,4.0,0.0,1.0,0.0,0.0,5.0,2.0,1.0,2.0,2.0,4.0,0.0,3.0,0.0,5.0,1.0,0.0,1.0,0.0,0.0,4.0,3.0,3.0,1.0,1.0,0.0,7.0,0.0,0.0,3.0,2.0,10.0,5.0,0.0,3.0,4.0,0.0,3.0,8.0,7.0,0.0,7.0,0.0,8.0,5.0,5.0,6.0,0.0,0.0,0.0,9.0,0.0,0.0,7.0,0.0,10.0,10.0,0.0,6.0,10.0,9.0,7.0,8.0,0.0,0.0,0.0,0.0,0.0,0.0,5.0,0.0,8.0,0.0,0.0,0.0,0.0,0.0,0.0,0.0,9.0,0.0,9.0,9.0,10.0,0.0,0.0,0.0,0.0,10.0,8.0,0.0,10.0,0.0,0.0,10.0,0.0,9.0,0.0,0.0,0.0,0.0,0.0,10.0,0.0,0.0,0.0,10.0,0.0,0.0,0.0,0.0,0.0,0.0,0.0,9.0,0.0,10.0,10.0,0.0,0.0,0.0,0.0,0.0,10.0,0.0,0.0,0.0,0.0,0.0,0.0,0.0,10.0,10.0,0.0,0.0,0.0,0.0,10.0,0.0,10.0,0.0,0.0,10.0,0.0,0.0,0.0,0.0,0.0,10.0,0.0,10.0,0.0,0.0,10.0,0.0,0.0,0.0,0.0,10.0,0.0,0.0,0.0,0.0,0.0,0.0,0.0,10.0,0.0,0.0,0.0,0.0,10.0,0.0,0.0,0.0,0.0,0.0,0.0,0.0,0.0,0.0,0.0,0.0,0.0,0.0,0.0,0.0,0.0,10.0,0.0,0.0,0.0,10.0,0.0,0.0,0.0,0.0,0.0,0.0,10.0,0.0,0.0,0.0,0.0,10.0,0.0,0.0,0.0,0.0,0.0,0.0,0.0,0.0,0.0,0.0,0.0,0.0,0.0,0.0,0.0,0.0,0.0,0.0,0.0,0.0,0.0,0.0,0.0,0.0,10.0,0.0,0.0,0.0,0.0,0.0,0.0,0.0,0.0,0.0,0.0,0.0,0.0,0.0,0.0,0.0,0.0,0.0,0.0,0.0,0.0,0.0,0.0,0.0,0.0,0.0,0.0,0.0,0.0,0.0,0.0,0.0,0.0,0.0,0.0,0.0,0.0,0.0,0.0,0.0,0.0,0.0,0.0,0.0,0.0,0.0,0.0,0.0,0.0,0.0,0.0,0.0,0.0,0.0,1
CON 14,1.0,0.0,0.0,10.0,1.0,0.0,0.0,0.0,0.0,0.0,3.0,4.0,3.0,0.0,1.0,1.0,1.0,10.0,3.0,0.0,0.0,1.0,0.0,3.0,1.0,10.0,1.0,0.0,2.0,0.0,3.0,4.0,1.0,1.0,0.0,6.0,0.0,0.0,0.0,0.0,7.0,0.0,6.0,0.0,4.0,0.0,3.0,7.0,0.0,0.0,0.0,0.0,7.0,4.0,0.0,6.0,0.0,6.0,0.0,8.0,6.0,0.0,10.0,0.0,6.0,6.0,0.0,0.0,9.0,9.0,0.0,0.0,0.0,10.0,0.0,0.0,0.0,0.0,0.0,0.0,8.0,10.0,0.0,0.0,0.0,9.0,0.0,0.0,10.0,0.0,10.0,0.0,10.0,0.0,0.0,0.0,0.0,0.0,8.0,0.0,0.0,10.0,0.0,10.0,10.0,0.0,0.0,0.0,0.0,0.0,0.0,0.0,9.0,10.0,0.0,0.0,0.0,0.0,0.0,0.0,0.0,0.0,0.0,10.0,0.0,0.0,10.0,0.0,0.0,0.0,0.0,0.0,0.0,0.0,0.0,0.0,0.0,0.0,0.0,0.0,0.0,0.0,0.0,0.0,0.0,0.0,0.0,0.0,10.0,0.0,0.0,0.0,0.0,0.0,0.0,0.0,0.0,0.0,0.0,10.0,0.0,0.0,0.0,0.0,0.0,10.0,10.0,0.0,0.0,0.0,0.0,0.0,0.0,0.0,0.0,0.0,0.0,10.0,10.0,0.0,0.0,0.0,0.0,0.0,10.0,0.0,0.0,0.0,0.0,0.0,0.0,0.0,0.0,0.0,0.0,0.0,0.0,0.0,0.0,0.0,0.0,0.0,0.0,0.0,0.0,0.0,0.0,0.0,0.0,0.0,0.0,0.0,0.0,0.0,0.0,0.0,0.0,0.0,0.0,0.0,0.0,0.0,0.0,0.0,0.0,0.0,0.0,0.0,0.0,0.0,10.0,0.0,0.0,0.0,0.0,0.0,0.0,0.0,0.0,0.0,0.0,0.0,0.0,0.0,0.0,0.0,0.0,0.0,0.0,0.0,0.0,0.0,0.0,0.0,0.0,0.0,0.0,0.0,0.0,0.0,0.0,0.0,0.0,0.0,0.0,0.0,0.0,0.0,0.0,0.0,0.0,0.0,0.0,0.0,0.0,0.0,0.0,0.0,0.0,0.0,0.0,0.0,0.0,0.0,0.0,0.0,0.0,0.0,0.0,0.0,0.0,0.0,1
